Carimbo de data/hora;Data;Responsavél pelo abastecimento;Tipo;Placa;KM Atual;Quantidade de litros;Medidor do tanque atual;Soma do medidor + litros;Column 10;Quantidade atual tanque;;;;;;
2/5/2025 7:51:38;05/02/2025;Junior;Saída;NYF1166;811930;120;408482;;;2500;;;;;;
2/5/2025 8:58:03;05/02/2025;Junior ;Saída;FHI8909;394858;61;408543;408543;;2439;;;;;;
2/5/2025 12:07:23;05/02/2025;Junior ;Saída;PVD2450;729048;80;408623;408623;;2359;;;;;;
2/5/2025 14:23:48;05/02/2025;Junior;Saída;QMQ5351;459456;270;408893;408893;;2089;;;;;;
2/5/2025 14:45:18;05/02/2025;Junior ;Saída;FZG4F66;495492;17;408910;408910;;2072;;;;;;
2/5/2025 15:18:42;05/02/2025;Junior ;Saída;QPA8450;428657;170;409080;409080;;1902;;;;;;
2/5/2025 16:36:02;05/02/2025;Eduardo ;Saída;SYJ0E53;85152;135;409215;409215;;1767;;;;;;
2/5/2025 17:21:13;05/02/2025;Junior ;Saída;NYF1166;812051;45;409260;409260;;1722;;;;;;
2/5/2025 17:25:23;05/02/2025;Junior;Saída;FZG5A23;252924;103;409364;409363;;1619;;;;;;
2/5/2025 18:03:06;05/02/2025;Junior;Saída;BPQ3I53;230850;56;409420;409420;;1563;;;;;;
2/5/2025 18:07:17;05/02/2025;Junior ;Saída;SYN6C07;72361;14;409433;409434;;1549;;;;;;
2/5/2025 18:24:50;05/02/2025;Junior;Saída;TDP7I31;1176;158;409592;409591;;1391;;;;;;
2/6/2025 9:38:28;06/02/2025;Eduardo ;Saída;AXS9G25;1041267;517;410109;410109;;874;;;;;;
2/6/2025 13:27:22;06/02/2025;Junior;Saída;TCZ5G61;14849;211;410320;410320;;663;;;;;;
2/6/2025 13:49:38;06/02/2025;Junior;Saída;TCT6G13;29240;148;410468;410468;;515;;;;;;
2/6/2025 14:03:07;06/02/2025;Junior;Saída;PZE8684;474575;25;410493;410493;;490;;;;;;
2/6/2025 14:58:05;06/02/2025;Junior;Saída;HOB1G50;753044;130;410623;410623;;360;;;;;;
2/6/2025 17:41:13;06/02/2025;Junior;Saída;RUJ4I21;174151;55;410678;410678;;305;;;;;;
;07/02/2025;Eduardo;Entrada;-;-;6030;-;;;6335;;;;;;
2/7/2025 10:21:01;07/02/2025;Junior ;Saída;TDQ1F80;205;760;411438;411438;;5575;;;;;;
2/7/2025 10:39:05;07/02/2025;Junior;Saída;OQG0G68;1072015;185;411623;411623;;5390;;;;;;
2/7/2025 11:59:58;07/02/2025;Junior ;Saída;QMQ5351;459871;103;411726;411726;;5287;;;;;;
2/7/2025 12:07:51;07/02/2025;Junior ;Saída;SYJ0E53;85546;80;411806;411806;;5207;;;;;;
2/7/2025 15:42:28;07/02/2025;Junior;Saída;FZG5A23;253370;107;412066;411913;;5100;;;;;;
2/7/2025 16:11:46;07/02/2025;Junior;Saída;PVD2450;729414;80;412145;412146;;5020;;;;;;
2/7/2025 16:16:10;07/02/2025;Junior ;Saída;QPA8450;429484;165;412311;412310;;4855;;;;;;
2/7/2025 16:25:26;07/02/2025;Junior ;Saída;SYN6C07;72952;80;412390;412391;;4775;;;;;;
2/7/2025 16:32:52;07/02/2025;Junior;Saída;SIJ7J52;62859;12;412402;412402;;4763;;;;;;
2/7/2025 17:11:51;07/02/2025;Junior;Saída;ASW9J91;902132;420;412822;412822;;4343;;;;;;
2/10/2025 7:36:56;10/02/2025;Junior ;Saída;FHI8909;395295;106;413028;412928;;4237;;;;;;
2/10/2025 7:40:10;10/02/2025;Junior ;Saída;FHI8909;395259;106;413028;413134;;4131;;;;;;
2/10/2025 8:41:48;10/02/2025;Junior ;Saída;TCG1D95;56875;760;413788;413788;;3371;;;;;;
2/10/2025 9:14:02;10/02/2025;Junior;Saída;EBO0I79;655222;192;413981;413980;;3179;;;;;;
2/10/2025 9:21:28;10/02/2025;Junior ;Saída;NYF1166 ;812657;200;414181;414181;;2979;;;;;;
2/10/2025 9:30:34;10/02/2025;Junior ;Saída;AXS9G25;1041685;142;414323;414323;;2837;;;;;;
2/10/2025 11:53:06;10/02/2025;Eduardo ;Saída;SIX6A60;88947;370;414693;414693;;2467;;;;;;
2/10/2025 11:59:27;10/02/2025;Eduardo;Saída;BPQ3I53;231442;42;414735;414735;;2425;;;;;;
2/10/2025 15:45:38;10/02/2025;Junior ;Saída;FZG5A23;253685;70;414804;414805;;2355;;;;;;
2/10/2025 15:53:55;10/02/2025;Junior ;Saída;PVD2450;729890;91;414895;414895;;2264;;;;;;
2/10/2025 16:24:47;10/02/2025;Junior ;Saída;PZE8684;475035;81;414976;414976;;2183;;;;;;
2/11/2025 7:29:44;07/02/2025;Marcos;Saída;RUJ4I21;174964;100;412922;415076;;2083;;;;;;
2/11/2025 7:30:41;10/02/2025;Marcos ;Saída;RUJ4I21;175691;85;415546;413007;;1998;;;;;;
2/11/2025 7:32:08;10/02/2025;Marcos ;Saída;SYR8F16;85544;486;415463;416032;;1512;;;;;;
2/11/2025 9:44:22;11/02/2025;Eduardo ;Saída;QMQ5351;66604;210;415758;415673;;1302;;;;;;
2/11/2025 10:31:51;11/02/2025;Junior;Saída;HOB1G50;753539;112;415870;415870;;1190;;;;;;
2/11/2025 11:04:02;11/02/2025;Junior;Saída;QPA8450;429882;84;415954;415954;;1106;;;;;;
2/11/2025 14:48:47;11/02/2025;Junior ;Saída;FZG4F66;497249;44;415998;415998;;1062;;;;;;
2/11/2025 16:58:13;11/02/2025;Junior;Saída;GWI4D64;145410;100;416208;416098;;962;;;;;;
2/11/2025 17:12:54;11/02/2025;Junior;Saída;BPQ3I53;231809;51;416259;416259;;911;;;;;;
2/11/2025 17:44:27;11/02/2025;Junior;Saída;SYJ0E53;86395;110;416108;416369;;801;;;;;;
2/12/2025 7:36:05;12/02/2025;Eduardo;Saída;Nyf1166;813497;209;416468;416317;;592;;;;;;
2/12/2025 8:38:46;12/02/2025;Eduardo ;Saída;FHI8909;395570;80;416548;416548;;512;;;;;;
2/12/2025 11:29:57;12/02/2025;Eduardo ;Saída;OQG0G68;1074032;307;416855;416855;;205;;;;;;
;12/02/2025;Eduardo;Entrada;-;-;6000;-;;;6205;;;;;;
2/12/2025 11:57:28;12/02/2025;Junior;Saída;SIX6A60;89819;210;417065;417065;;5995;;;;;;
2/12/2025 17:15:13;12/02/2025;Junior ;Saída;RUJ4I21;176362;91;417486;417156;;5904;;;;;;
2/12/2025 17:24:45;12/02/2025;Junior ;Saída;SYN6C07;73664;88;417574;417574;;5816;;;;;;
2/13/2025 8:49:45;13/02/2025;Eduardo ;Saída;Pze8684;575727;120;417884;417694;;5696;;;;;;
2/13/2025 13:53:03;13/02/2025;Junior;Saída;TCT6G13;31189;315;418199;418199;;5381;;;;;;
2/13/2025 16:09:23;13/02/2025;Junior ;Saída;PVD2450;730281;84;418283;418283;;5297;;;;;;
2/13/2025 18:47:49;13/02/2025;Junior;Saída;BPQ3I53;232484;36;418318;418319;;5261;;;;;;
2/13/2025 19:03:44;13/02/2025;Junior ;Saída;TDQ1F80;38881;580;418898;418898;;4681;;;;;;
2/14/2025 7:16:05;14/02/2025;Junior;Saída;BPQ3I53 ;232601;14;418912;418912;;4667;;;;;;
2/14/2025 7:48:30;12/02/2025;Marcos ;Saída;ASW9J91;903038;330;417395;419242;;4337;;;;;;
2/14/2025 7:49:31;12/02/2025;Marcos ;Saída;NYF1166;813616;35;417610;417430;;4302;;;;;;
2/14/2025 7:50:37;12/02/2025;Marcos ;Saída;QPA8450;430738;154;417764;417764;;4148;;;;;;
2/14/2025 7:51:50;14/02/2025;Marcos ;Saída;NYF1166;814326;180;419094;417944;;3968;;;;;;
2/14/2025 7:59:14;14/02/2025;Junior ;Saída;FHI8909;395944;90;419182;419184;;3878;;;;;;
2/14/2025 10:11:52;14/02/2025;Eduardo;Saída;QPA8450;431261;111;419293;419293;;3767;;;;;;
2/14/2025 10:32:17;14/02/2025;Junior ;Saída;FZG4F66;497975;52;419345;419345;;3715;;;;;;
2/14/2025 13:44:21;14/02/2025;Eduardo ;Saída;SYJ0E53;87461;150;419495;419495;;3565;;;;;;
2/14/2025 16:32:49;14/02/2025;Junior;Saída;TDP7I31;2934;425;4199202;419920;;3140;;;;;;
2/14/2025 16:36:00;14/02/2025;Junior ;Saída;FZG5A23;254236;137;420057;4199339;;3003;;;;;;
2/14/2025 16:46:12;14/02/2025;Junior ;Saída;QMQ5351;461894;272;420329;420329;;2731;;;;;;
2/17/2025 7:31:40;17/02/2025;Junior;Saída;NYF1166;815162;210;421157;420539;;2521;;;;;;
2/17/2025 8:49:38;17/02/2025;Eduardo;Saída;RUJ4I21;177188;100;421257;421257;;2421;;;;;;
2/17/2025 9:31:58;17/02/2025;Junior ;Saída;TCG1D95;58292;655;421912;421912;;1766;;;;;;
2/17/2025 10:03:05;17/02/2025;Junior ;Saída;FZG5A23;255100;188;4122100;422100;;1578;;;;;;
2/17/2025 12:11:57;17/02/2025;Junior ;Saída;HOB1G50;754028;125;422225;4122225;;1453;;;;;;
2/17/2025 12:22:55;17/02/2025;Junior ;Saída;QPA8450;432148;175;422400;422400;;1278;;;;;;
2/17/2025 14:09:39;17/02/2025;Junior ;Saída;PZE8684;476096;70;422470;422470;;1208;;;;;;
2/17/2025 16:24:34;17/02/2025;Eduardo ;Saída;BPQ3I53;232949;32;422502;422502;;1176;;;;;;
2/17/2025 16:31:47;17/02/2025;Eduardo;Saída;SYN6C07;74264;65;422567;422567;;1111;;;;;;
2/17/2025 16:32:34;17/02/2025;Eduardo;Saída;PVD2450;730686;100;422667;422667;;1011;;;;;;
2/17/2025 16:33:33;17/02/2025;Eduardo;Saída;SYJ0E53;88024;125;422792;422792;;886;;;;;;
;17/02/2025;Eduardo;Entrada;-;-;6000;-;;;6886;;;;;;
2/18/2025 9:44:53;18/02/2025;Junior ;Saída;EBO0I79;657583;221;423268;423013;;6665;;;;;;
2/18/2025 15:35:53;18/02/2025;Junior ;Saída;QMQ5351;464190;266;423534;423534;;6399;;;;;;
2/18/2025 15:43:24;18/02/2025;Junior;Saída;FZG4F66;498568;32;423566;423566;;6367;;;;;;
2/19/2025 7:22:14;19/02/2025;Junior;Saída;FMZ8I54;353937;625;424191;424191;;5742;;;;;;
2/19/2025 9:19:01;19/02/2025;Eduardo;Saída;PVD2450;730796;16;424207;424207;;5726;;;;;;
2/19/2025 9:35:26;19/02/2025;Eduardo;Saída;SIX6A60;56701;426;424633;424633;;5300;;;;;;
2/19/2025 10:23:19;19/02/2025;Eduardo;Saída;QPA8450;433003;172;424805;424805;;5128;;;;;;
2/19/2025 14:07:05;19/02/2025;Junior ;Saída;FZG5A23;256002;208;425100;425013;;4920;;;;;;
2/19/2025 14:15:52;19/02/2025;Junior ;Saída;GWI4D64;146466;110;425210;425210;;4810;;;;;;
2/19/2025 15:33:40;19/02/2025;Junior ;Saída;BPQ3I53;233433;29;425239;425239;;4781;;;;;;
2/19/2025 18:28:24;19/02/2025;Junior ;Saída;ASW9J91;904288;500;425739;425739;;4281;;;;;;
2/20/2025 7:49:15;20/02/2025;Eduardo;Saída;FHI8909;396510;81;425820;425820;;4200;;;;;;
2/20/2025 10:51:09;20/02/2025;Eduardo;Entrada;- ;-;3000;-;;;7200;;;;;;
2/20/2025 15:03:33;20/02/2025;Junior ;Saída;FZG4F66;499078;46;425865;425866;;7154;;;;;;
2/20/2025 15:50:54;20/02/2025;Junior ;Saída;RUJ4I21;177752;75;425941;425940;;7079;;;;;;
2/21/2025 7:27:27;21/02/2025;Junior ;Saída;FMZ8I54;254770;282;426223;426223;;6797;;;;;;
2/21/2025 13:35:06;21/02/2025;Eduardo ;Saída;SYN6C07;75062;92;426830;426315;;6705;;;;;;
2/21/2025 13:54:07;21/02/2025;Eduardo ;Saída;SYR8F16;88689;480;427310;427310;;6225;;;;;;
2/21/2025 15:18:04;21/02/2025;Eduardo;Saída;QPA8450;433811;160;427470;427470;;6065;;;;;;
2/21/2025 15:23:26;21/02/2025;Eduardo ;Saída;FZG4F66;499199;15;427485;427485;;6050;;;;;;
2/21/2025 15:30:50;21/02/2025;Eduardo;Saída;FZG5A23;256876;197;427682;427682;;5853;;;;;;
2/21/2025 16:19:52;21/02/2025;Eduardo;Saída;ASW9J91;904760;198;427880;427880;;5655;;;;;;
2/21/2025 16:23:59;21/02/2025;Eduardo;Saída;Pvd2450;731254;103;427983;427983;;5552;;;;;;
2/21/2025 18:04:49;21/02/2025;Marcos;Saída;OQG0G68;1074849;250;428234;428233;;5302;;;;;;
2/21/2025 20:47:23;21/02/2025;Marcos ;Saída;HOB1G50;754804;98;428332;428332;;5204;;;;;;
2/22/2025 9:44:00;22/02/2025;Marcos ;Saída;Pze8684;477343;70;428402;428402;;5134;;;;;;
2/23/2025 16:53:09;23/02/2025;Marcos;Saída;TCT6G13;32173;281;428683;428683;;4853;;;;;;
2/24/2025 7:32:26;24/02/2025;Junior ;Saída;FZG4F66;499318;14;428698;428697;;4839;;;;;;
2/24/2025 8:15:10;24/02/2025;Junior ;Saída;NYF1166;816922;217;428915;428915;;4622;;;;;;
2/24/2025 8:20:35;24/02/2025;Junior ;Saída;GWI4D64;146942;145;429060;429060;;4477;;;;;;
2/24/2025 9:00:17;24/02/2025;Junior ;Saída;TDQ1F80;5172;520;429580;429580;;3957;;;;;;
2/24/2025 11:58:33;24/02/2025;Junior ;Saída;TDP7I31;4306;350;429930;429930;;3607;;;;;;
2/24/2025 14:26:24;24/02/2025;Junior;Saída;BPQ3I53;233987;34;429964;429964;;3573;;;;;;
2/24/2025 14:32:31;24/02/2025;Junior ;Saída;RUJ4I21;178277;70;430034;430034;;3503;;;;;;
2/24/2025 18:45:00;24/02/2025;Marcos;Saída;FZG4F66;499760;50;430083;430084;;3453;;;;;;
2/25/2025 8:49:01;17/02/2025;Marcos ;Saída;GWI4D64;146092;182;422974;430265;;3271;;;;;;
2/25/2025 8:50:55;18/02/2025;Marcos ;Saída;HOB1G50;754412;87;424897;423061;;3184;;;;;;
2/25/2025 10:51:33;25/02/2025;Junior ;Saída;SIX6A60;92189;230;430314;425127;;2954;;;;;;
2/25/2025 11:14:35;25/02/2025;Junior ;Saída;TCZ5G61;17937;435;430749;430749;;2519;;;;;;
2/25/2025 11:19:12;25/02/2025;Junior ;Saída;QPA8450;434397;118;430867;430867;;2401;;;;;;
2/25/2025 12:00:15;25/02/2025;Junior ;Saída;HOB1G50;755176;85;430952;430952;;2316;;;;;;
2/25/2025 14:11:43;25/02/2025;Eduardo;Saída;FZG4F66;499879;14;430966;430966;;2302;;;;;;
2/25/2025 14:43:13;25/02/2025;Junior ;Saída;PZE8684;478246;58;431024;431024;;2244;;;;;;
2/25/2025 15:30:58;25/02/2025;Eduardo;Saída;SYN6C07;75212;31;431055;431055;;2213;;;;;;
2/25/2025 16:30:13;25/02/2025;Eduardo;Entrada;-;-;5000;-;;;7213;;;;;;
;25/02/2025;Lauren;Saída;Correção;Correção;1463;Correção;;;5750;;;;;;
2/25/2025 16:39:28;25/02/2025;Junior;Saída;FZG5A23;257445;128;431182;431183;;5622;;;;;;
2/25/2025 17:32:54;25/02/2025;Junior ;Saída;CPN1798;687780;50;431232;431232;;5572;;;;;;
2/26/2025 8:31:37;26/02/2025;Junior ;Saída;BPQ3I53;234664;36;431268;431268;;5536;;;;;;
2/26/2025 11:12:09;26/02/2025;Junior ;Saída;GWI4D64;147317;105;431373;431373;;5431;;;;;;
2/26/2025 12:01:46;26/02/2025;Junior ;Saída;SYJ0E53;89912;130;441503;431503;;5301;;;;;;
2/26/2025 13:40:54;26/02/2025;Junior ;Saída;FZG5A23;257934;115;431618;441618;;5186;;;;;;
2/26/2025 15:01:36;26/02/2025;Eduardo;Saída;RUJ4I21;178815;57;431675;431675;;5129;;;;;;
2/26/2025 15:27:41;26/02/2025;Junior ;Saída;EBO0I79;658654;385;432060;432060;;4744;;;;;;
2/27/2025 8:07:56;27/02/2025;Eduardo;Saída;FZG4F66;500331;53;432113;432113;;4691;;;;;;
2/27/2025 8:09:07;27/02/2025;Eduardo ;Saída;FMZ8I54;355374;214;432327;432327;;4477;;;;;;
2/27/2025 8:50:51;27/02/2025;Eduardo;Saída;QMQ5351;465631;156;432483;432483;;4321;;;;;;
2/27/2025 14:23:34;27/02/2025;Eduardo ;Saída;TCT6G13;33185;436;433637;432919;;3885;;;;;;
2/27/2025 15:18:30;27/02/2025;Junior ;Entrada;-;-;2000;-;;;5885;;;;;;
2/27/2025 16:29:07;27/02/2025;Marcos;Saída;Pvd2450;731811;120;433829;433757;;5765;;;;;;
2/27/2025 17:03:59;27/02/2025;Junior ;Saída;PZE8684;478896;112;432698;433941;;5653;;;;;;
2/27/2025 17:05:46;27/02/2025;Junior ;Saída;SYR8F16;92743;503;433201;433201;;5150;;;;;;
2/27/2025 17:21:27;27/02/2025;Junior ;Saída;HOB1G50;755568;87;433916;433288;;5063;;;;;;
2/27/2025 17:39:46;27/02/2025;Junior ;Saída;BPQ3I53;235109;16;433932;433932;;5047;;;;;;
2/28/2025 10:05:56;28/02/2025;Junior ;Saída;TCG1D95;63058;763;434695;434695;;4284;;;;;;
2/28/2025 12:17:18;28/02/2025;Junior;Saída;NYF1166;817793;207;434902;434902;;4077;;;;;;
2/28/2025 12:28:38;28/02/2025;Junior ;Saída;AXS9G25;1042647;328;435230;435230;;3749;;;;;;
2/28/2025 14:35:21;28/02/2025;Eduardo ;Saída;FHI8909;398022;46;435276;435276;;3703;;;;;;
2/28/2025 14:43:14;28/02/2025;Eduardo ;Saída;TDP7I31;53820;111;435386;435387;;3592;;;;;;
2/28/2025 14:45:33;28/02/2025;Eduardo ;Saída;TDP7I31;53820;150;435536;435536;;3442;;;;;;
2/28/2025 14:55:05;28/02/2025;Eduardo ;Saída;RUJ4I21;179786;57;435594;435593;;3385;;;;;;
2/28/2025 15:02:19;28/02/2025;Eduardo ;Saída;SYN6C07;75785;73;435667;435667;;3312;;;;;;
2/28/2025 15:52:47;28/02/2025;Marcos;Saída;Fzg4f66;500848;34;435701;435701;;3278;;;;;;
3/5/2025 9:56:22;05/03/2025;Junior ;Saída;EBO0I79;659720;400;436101;436101;;2878;;;;;;
3/5/2025 15:12:23;05/03/2025;Junior ;Saída;FZG4F66;501290;50;436372;436151;;2828;;;;;;
3/5/2025 15:20:13;05/03/2025;Marcos;Saída;SYJ0E53;90765;136;436322;436508;;2692;;;;;;
3/5/2025 15:57:14;05/03/2025;Junior ;Saída;HOB1G50;755973;95;436467;436417;;2597;;;;;;
3/5/2025 19:17:03;05/03/2025;Marcos;Saída;BPQ3i53;235792;14;436481;436481;;2583;;;;;;
3/6/2025 10:33:01;06/03/2025;Eduardo ;Saída;QPA8450;435981;207;436808;436688;;2376;;;;;;
3/6/2025 17:16:34;06/03/2025;Junior ;Saída;GWI4D64;147824;162;436970;436970;;2214;;;;;;
3/6/2025 17:30:26;06/03/2025;Junior ;Saída;NYF1166;818241;135;437105;437105;;2079;;;;;;
3/6/2025 17:37:00;06/03/2025;Junior ;Saída;SIX6A60;93211;257;437362;437362;;1822;;;;;;
3/6/2025 18:24:28;06/03/2025;Marcos;Saída;Sij7j52;65143;37;437399;437399;;1785;;;;;;
3/6/2025 19:30:11;06/03/2025;Marcos;Saída;Fzg4f66;501796;36;437435;437435;;1749;;;;;;
3/6/2025 19:35:48;06/03/2025;Marcos;Saída;Bpq3i53;236351;32;437467;437467;;1717;;;;;;
3/7/2025 10:47:32;07/03/2025;Junior ;Saída;TDP7I31;6303;220;437687;437687;;1497;;;;;;
3/7/2025 11:28:49;07/03/2025;Junior ;Saída;HOB1G50;756534;125;438342;437812;;1372;;;;;;
3/7/2025 11:53:26;07/03/2025;Junior;Saída;FHI8909;398534;120;436601;438462;;1252;;;;;;
3/7/2025 13:12:56;07/03/2025;Marcos;Saída;Fzg5a23;258504;140;438482;436741;;1112;;;;;;
3/7/2025 13:31:14;07/03/2025;Eduardo ;Saída;SYJ0E53 ;981670;87;438569;438569;;1025;;;;;;
3/7/2025 14:24:24;07/03/2025;Junior ;Entrada;-;-;5000;438569;443569;;6025;;;;;;
3/7/2025 15:12:27;07/03/2025;Junior ;Saída;SYN6C07;76269;68;436737;438637;;5957;;;;;;
3/7/2025 15:13:32;07/03/2025;Junior ;Saída;PVD2450 ;733636;90;438727;436827;;5867;;;;;;
3/7/2025 15:21:12;07/03/2025;Junior ;Saída;FZG4F66;502347;34;438761;438761;;5833;;;;;;
3/7/2025 17:41:31;07/03/2025;Marcos;Saída;QMQ5351;466450;175;438936;438936;;5658;;;;;;
3/10/2025 7:39:42;10/03/2025;Junior;Saída;FHI8909;398855;85;439021;439021;;5573;;;;;;
3/10/2025 7:45:29;10/03/2025;Junior ;Saída;QPA8450;436864;163;439184;439184;;5410;;;;;;
3/10/2025 8:30:24;10/03/2025;Junior ;Saída;TCT6G13;34092;340;439524;439524;;5070;;;;;;
3/10/2025 8:52:35;10/03/2025;Junior ;Saída;NYF1166;818676;130;439654;439654;;4940;;;;;;
3/10/2025 13:56:43;10/03/2025;Junior ;Saída;TCZ5G61;20484;377;440843;440031;;4563;;;;;;
3/10/2025 13:57:14;10/03/2025;Junior ;Saída;TCZ5G61;20484;377;440843;441220;;4186;;;;;;
3/10/2025 14:38:03;10/03/2025;Eduardo;Saída;SYR8F16 ;94231;418;441261;441261;;3768;;;;;;
3/10/2025 14:43:44;10/03/2025;Eduardo ;Saída;BPQ3I53;236734;35;441296;441296;;3733;;;;;;
3/10/2025 15:47:24;10/03/2025;Junior ;Saída;TCG1D95;66724;712;440366;442008;;3021;;;;;;
3/10/2025 15:51:52;05/03/2025;Junior ;Saída;PVD2450;732184;85;436186;440451;;2936;;;;;;
3/11/2025 7:58:58;11/03/2025;Marcos;Saída;AXS9G25;1043284;256;441691;436442;;2680;;;;;;
3/11/2025 9:32:03;11/03/2025;Eduardo;Saída;SYJ0E53 ;92054;155;441986;441846;;2525;;;;;;
3/11/2025 15:15:39;11/03/2025;Eduardo;Saída;FZG4F66;502898;40;442136;442026;;2485;;;;;;
3/11/2025 16:53:01;11/03/2025;Junior;Saída;SIX6A60;94258;250;442386;442386;;2235;;;;;;
3/11/2025 17:13:04;11/03/2025;Junior;Saída;ASW9J91 ;912550;440;442826;442826;;1795;;;;;;
3/11/2025 17:23:40;11/03/2025;Junior ;Saída;QMQ5351;467222;178;443004;443004;;1617;;;;;;
3/11/2025 17:31:14;11/03/2025;Junior;Saída;HOB1G50 ;756957;102;443106;443106;;1515;;;;;;
3/12/2025 7:41:11;12/03/2025;Junior ;Saída;PZE8684 ;480487;135;443241;443241;;1380;;;;;;
3/12/2025 7:57:04;12/03/2025;Junior;Saída;FHI8909 ;399419;140;441831;443381;;1240;;;;;;
3/12/2025 7:57:49;11/03/2025;Junior;Saída;FZG5A23 ;259041;110;442096;441941;;1130;;;;;;
3/12/2025 9:02:52;12/03/2025;Eduardo ;Saída;TCZ5G61;20879;91;443332;442187;;1039;;;;;;
3/12/2025 10:16:26;12/03/2025;Junior;Saída;FHI8909;400026;145;443550;443477;;894;;;;;;
3/12/2025 12:05:46;12/03/2025;Junior ;Entrada;-;-;6000;443550;449550;;6894;;;;;;
3/12/2025 16:29:52;10/03/2025;Junior ;Saída;RUJ4I21 ;180479;80;441435;443630;;6814;;;;;;
3/12/2025 16:37:44;12/03/2025;Junior ;Saída;BPQ3I53 ;237341;38;443817;441473;;6776;;;;;;
3/12/2025 16:38:35;12/03/2025;Junior ;Saída;GWI4D64 ;148613;120;443937;443937;;6656;;;;;;
3/13/2025 10:10:44;13/03/2025;Eduardo ;Saída;RUJ4I21;181041;67;44404;444004;;6589;;;;;;
3/13/2025 14:31:26;13/03/2025;Eduardo ;Saída;FZG4F66 ;503487;25;444672;44429;;6564;;;;;;
3/14/2025 8:36:04;14/03/2025;Junior;Saída;AXS9G25 ;1044816;524;445291;445196;;6040;;;;;;
3/14/2025 8:41:18;14/03/2025;Junior ;Saída;QPA8450 ;447547;70;445361;445361;;5970;;;;;;
3/14/2025 9:23:57;14/03/2025;Junior ;Saída;NYF1166 ;819684;135;445496;445496;;5835;;;;;;
3/14/2025 12:24:48;14/03/2025;Junior;Saída;QMQ5351 ;467641;95;445591;445591;;5740;;;;;;
3/14/2025 14:16:25;14/03/2025;Eduardo ;Saída;BPQ3I53 ;237464;12;445603;445603;;5728;;;;;;
3/14/2025 15:35:24;14/03/2025;Junior;Saída;GWI4D64 ;148991;110;445720;445713;;5618;;;;;;
3/14/2025 15:37:37;14/03/2025;Junior;Saída;SYJ0E53 ;93079;156;445869;445876;;5462;;;;;;
3/14/2025 15:42:15;14/03/2025;Junior;Saída;SYN6C07 ;77849;60;445929;445929;;5402;;;;;;
3/14/2025 17:33:41;14/03/2025;Marcos;Saída;CPN1798;688134;160;446089;446089;;5242;;;;;;
3/14/2025 18:33:05;14/03/2025;Marcos ;Saída;RUJ4i21;181638;78;446167;446167;;5164;;;;;;
3/15/2025 8:11:55;15/03/2025;Marcos;Saída;TCG1D95;67645;514;446681;446681;;4650;;;;;;
3/15/2025 8:19:18;15/03/2025;Marcos;Saída;TCT6G13;35131;325;447007;447006;;4325;;;;;;
3/17/2025 8:24:21;17/03/2025;Junior ;Saída;QPA8450 ;438404;165;447172;447172;;4160;;;;;;
3/17/2025 8:41:27;17/03/2025;Eduardo ;Saída;SIX6A60;95146;233;447405;447405;;3927;;;;;;
3/17/2025 9:52:13;17/03/2025;Junior;Saída;FMZ8I54 ;358541;595;448000;448000;;3332;;;;;;
3/17/2025 9:56:05;17/03/2025;Junior;Saída;SYJ0E53 ;93932;128;448128;448128;;3204;;;;;;
3/17/2025 12:31:27;17/03/2025;Junior;Entrada;-;-;3000;448128;451128;;6204;;;;;;
3/17/2025 14:30:17;17/03/2025;Junior ;Saída;HOB1G50 ;757791;110;448238;448238;;6094;;;;;;
3/17/2025 16:50:24;17/03/2025;Junior ;Saída;QMQ5351 ;468510;208;448446;448446;;5886;;;;;;
3/17/2025 16:56:30;17/03/2025;Junior ;Saída;BPQ3I53 ;237914;29;448475;448475;;5857;;;;;;
3/18/2025 8:06:19;18/03/2025;Eduardo ;Saída;TDQ1F80;12814;360;448834;448835;;5497;;;;;;
3/18/2025 8:16:46;18/03/2025;Eduardo ;Saída;TCT6G13;35520;202;449036;449036;;5295;;;;;;
3/18/2025 8:44:40;18/03/2025;Eduardo ;Saída;FHI8909;400785;90;449126;449126;;5205;;;;;;
3/27/2025 7:24:55;27/03/2025;Junior;Saída;EBO0I79;662885;394;457765;449520;;4811;;;;;;
3/18/2025 11:54:00;18/03/2025;Junior;Saída;GWI4D64 ;149322;103;449535;457868;;4708;;;;;;
3/18/2025 14:26:18;18/03/2025;Junior ;Saída;RUJ4I21 ;182165;60;449594;449595;;4648;;;;;;
3/19/2025 10:25:54;19/03/2025;Eduardo ;Saída;QNU5805;397068;88;449732;449682;;4560;;;;;;
3/19/2025 10:54:25;18/03/2025;Junior;Saída;PVD2450 ;734351;50;449644;449782;;4510;;;;;;
3/19/2025 10:56:16;19/03/2025;Junior;Saída;FZG4F66 ;504446;56;449789;449700;;4454;;;;;;
3/19/2025 14:25:00;19/03/2025;Eduardo;Saída;SYN6C07;78455;91;449880;449880;;4419;;;;;;
3/19/2025 14:32:00;19/03;Eduardo;Saída;BPQ3I53;238353;7;449887;449887;;4503;;;;;;
3/19/2025 14:48:00;19/03/2025;Eduardo;Saída;QMQ5351;468885;108;449995;449995;;4402;;;;;;
3/19/2025 15:19:00;19/03/2025;Eduardo;Saída;TCZ5G61;21982;315;450310;450310;;4195;;;;;;
19/03/2025 15:48;19/03/2025;Eduardo;Saída;SYJ0E53;94901;150;450460;450460;;4360;;;;;;
3/19/2025 16:18:57;19/03/2025;Junior;Saída;TDP7I31 ;7995;430;450890;450890;;4024;;;;;;
3/19/2025 17:11:18;19/03/2025;Junior ;Saída;NYF1166 ;821978;140;451030;451030;;3884;;;;;;
3/19/2025 17:31:15;19/03/2025;Junior ;Saída;QPA8450 ;438807;90;451120;451120;;3794;;;;;;
3/20/2025 7:35:08;20/03/2025;Junior;Saída;GWI4D64 ;150041;187;451307;451307;;3607;;;;;;
3/20/2025 8:30:00;20/03/2025;Eduardo;Saída;TCT6G13;36448;368;451675;451675;;3426;;;;;;
3/20/2025 8:58:18;20/03/2025;Junior ;Saída;FHI8909 ;401119;90;451765;451765;;3517;;;;;;
3/20/2025 9:25:39;20/03/2025;Junior ;Entrada;-;-;4000;451765;455765;;7517;;;;;;
3/20/2025 12:25:56;20/03/2025;Junior;Saída;PZE8684 ;481895;95;451860;451860;;7422;;;;;;
3/20/2025 13:48:18;20/03/2025;Junior;Saída;HOB1G50 ;758111;70;451930;451930;;7352;;;;;;
3/20/2025 15:55:56;20/03/2025;Junior ;Saída;FZG4F66 ;504629;20;451950;451950;;7332;;;;;;
3/20/2025 17:05:52;20/03/2025;Junior ;Saída;PVD2450 ;734890;118;452068;452068;;7214;;;;;;
3/20/2025 17:57:08;20/03/2025;Junior ;Saída;BPQ3I53 ;238918;38;452106;452106;;7176;;;;;;
3/20/2025 18:44:12;20/03/2025;Marcos;Saída;FZG5A23;260028;205;452311;452311;;6971;;;;;;
3/21/2025 7:58:14;21/03/2025;Junior ;Saída;FHI8909 ;401292;40;452351;452351;;6931;;;;;;
3/21/2025 9:54:05;21/03/2025;Junior ;Saída;QMQ5351 ;469256;102;452453;452453;;6829;;;;;;
3/21/2025 11:07:02;21/03/2025;Junior;Saída;QPA8450 ;439202;90;452543;452543;;6739;;;;;;
3/21/2025 11:33:13;21/03/2025;Junior ;Saída;TDQ1F80 ;13454;275;452818;452818;;6464;;;;;;
3/21/2025 11:50:26;21/03/2025;Junior;Saída;CPN1798;688511;100;452918;452918;;6364;;;;;;
3/21/2025 12:11:13;21/03/2025;Junior;Saída;FZG5A23 ;260342;85;453003;453003;;6279;;;;;;
3/21/2025 14:04:04;21/03/2025;Eduardo ;Saída;TCG1D95;71327;530;453533;453533;;5749;;;;;;
3/21/2025 15:48:34;21/03/2025;Junior ;Saída;RUJ4I21 ;182605;53;453586;453586;;5696;;;;;;
3/21/2025 15:55:35;21/03/2025;Junior ;Saída;SYN6C07 ;79309;105;453691;453691;;5591;;;;;;
3/21/2025 16:03:15;21/03/2025;Junior ;Saída;SYR8F16 ;96104;370;454061;454061;;5221;;;;;;
3/23/2025 9:49:28;23/03/2025;Marcos;Saída;FZG4F66;505277;45;454106;454106;;5176;;;;;;
3/24/2025 7:29:31;24/03/2025;Junior ;Saída;TCZ5G61;23355;365;454471;454471;;4811;;;;;;
3/24/2025 7:38:56;24/03/2025;Junior;Saída;SIX6A60;96678;376;454847;454847;;4435;;;;;;
3/24/2025 8:35:50;24/03/2025;Junior ;Saída;QPA8450 ;440054;160;455007;455007;;4275;;;;;;
3/24/2025 8:41:25;24/03/2025;Lauren;Saída;Correção;Correção;2714;Correção;;;1561;;;;;;
3/24/2025 11:13:46;24/03/2025;Junior ;Saída;NYF1166 ;824653;183;455190;455190;;1378;;;;;;
3/24/2025 15:01:48;24/03/2025;Junior ;Saída;SYJ0E53 ;95894;150;455340;455340;;1228;;;;;;
3/24/2025 16:57:17;24/03/2025;Junior;Saída;BPQ3I53 ;455362;22;455362;455362;;1206;;;;;;
3/24/2025 16:58:27;24/03/2025;Junior ;Saída;SYN6C07 ;79726;48;455410;455410;;1158;;;;;;
3/25/2025 9:26:45;25/03/2025;Eduardo;Saída;OQG0G68;1075888;415;455825;455825;;743;;;;;;
3/25/2025 9:40:35;25/03/2025;Eduardo;Saída;FHI8909;401637;94;455920;455919;;649;;;;;;
3/25/2025 12:27:30;25/03/2025;Junior ;Saída;HOB1G50 ;758630;125;456045;456045;;524;;;;;;
3/25/2025 14:00:56;25/03/2025;Eduardo ;Entrada;-;-;4000;456045;460045;;4524;;;;;;
3/25/2025 14:33:02;25/03/2025;Junior ;Saída;BPQ3I53 ;239205;15;456060;456060;;4509;;;;;;
3/25/2025 14:40:09;25/03/2025;Junior ;Saída;PZE8684 ;482114;40;456100;456100;;4469;;;;;;
3/25/2025 14:43:12;25/03/2025;Junior ;Saída;SYJ0E53 ;96548;140;456240;456240;;4329;;;;;;
3/25/2025 15:20:45;25/03/2025;Junior ;Saída;QMQ5351 ;469700;110;456350;456350;;4219;;;;;;
3/25/2025 15:39:24;25/03/2025;Junior ;Saída;PVD2450 ;735668;73;456423;456423;;4146;;;;;;
3/25/2025 16:09:03;25/03/2025;Eduardo ;Saída;FZG4F66 ;505701;44;456467;456467;;4102;;;;;;
3/25/2025 17:42:00;25/03/2025;Junior;Saída;- ;80266;73;456540;456540;;4029;;;;;;
3/26/2025 8:07:30;26/03/2025;Junior ;Saída;TCT6G13;37869;510;457050;457050;;3519;;;;;;
3/26/2025 9:05:50;26/03/2025;Junior ;Saída;FZG4F66 ;506135;52;457102;457102;;3467;;;;;;
3/26/2025 15:34:43;26/03/2025;Junior ;Saída;GWI4D64 ;150532;145;457247;457247;;3322;;;;;;
3/26/2025 17:57:34;26/03/2025;Junior;Saída;RUJ4I21 ;183087;62;457309;457309;;3260;;;;;;
3/26/2025 18:03:27;26/03/2025;Junior ;Saída;PVD2450 ;736459;62;457371;457371;;3198;;;;;;
4/17/2025 11:59:03;17/04/2025;Eduardo ;Saída;EBO0I79;668398;194;477322;457565;;3004;;;;;;
3/27/2025 7:30:00;27/03/2025;Junior ;Saída;BPQ3I53 ;239610;49;457814;477371;;2955;;;;;;
3/27/2025 7:58:34;27/03/2025;Junior ;Saída;AXS9G25;1048704;385;458199;458199;;2570;;;;;;
3/27/2025 9:03:14;27/03/2025;Junior ;Saída;FZG5A23 ;401945;82;458281;458281;;2488;;;;;;
3/27/2025 12:44:55;27/03/2025;Junior ;Saída;QPA8450 ;440760;152;458336;458433;;2336;;;;;;
3/27/2025 12:46:13;27/03/2025;Junior;Saída;SYN6C07 ;80644;55;458488;458391;;2281;;;;;;
3/27/2025 13:55:18;27/03/2025;Eduardo ;Saída;HOB1G50;759022;98;458586;458586;;2183;;;;;;
3/27/2025 16:04:28;27/03/2025;Eduardo ;Saída;OQG0G68 ;10763951;147;458734;458733;;2036;;;;;;
3/27/2025 16:25:23;27/03/2025;Eduardo ;Saída;SYJ0E53 ;97427;132;458866;458866;;1904;;;;;;
3/27/2025 17:16:11;27/03/2025;Junior ;Saída;PZE8684 ;482587;85;458951;458951;;1819;;;;;;
3/27/2025 17:36:34;27/03/2025;Junior ;Saída;FZG4F66 ;506266;16;458967;458967;;1803;;;;;;
3/28/2025 8:31:12;28/03/2025;Eduardo;Saída;NYF1166;825142;162;459129;459129;;1641;;;;;;
3/28/2025 8:56:04;28/03/2025;Junior ;Saída;QMQ5351 ;470065;100;459229;459229;;1541;;;;;;
3/28/2025 10:08:44;28/03/2025;Junior ;Saída;TCZ5G61 ;24086;207;459436;459436;;1334;;;;;;
3/28/2025 11:30:00;28/03/2025;Eduardo;Saída;FMZ8I54;359491;304;459740;459740;;1030;;;;;;
28/03/2025 11:40;28/03/2025;Eduardo;Entrada;-;-;5000;-;;;6030;;;;;;
3/28/2025 12:24:06;28/03/2025;Junior ;Saída;GWI4D64 ;150874;92;459832;459832;;5938;;;;;;
3/28/2025 14:24:09;28/03/2025;Junior;Saída;FZG4F66 ;506585;42;459932;459874;;5896;;;;;;
3/28/2025 14:30:22;28/03/2025;Junior;Saída;SYN6C07 ;80964;40;459972;459972;;5856;;;;;;
3/28/2025 14:35:52;28/03/2025;Junior ;Saída;RUJ4I21 ;183525;60;460032;460032;;5796;;;;;;
3/28/2025 14:51:56;28/03/2025;Junior ;Saída;TDP7I31 ;8914;220;460252;460252;;5576;;;;;;
3/28/2025 15:19:24;28/03/2025;Junior ;Saída;FZG5A23 ;261489;85;460337;460337;;5491;;;;;;
3/28/2025 16:05:23;28/03/2025;Junior ;Saída;PZE8684 ;482902;58;459890;460395;;5433;;;;;;
3/31/2025 7:44:07;31/03/2025;Junior ;Saída;SYJ0E53 ;97804;95;460432;459985;;5338;;;;;;
3/31/2025 8:05:14;31/03/2025;Junior ;Saída;QPA8450 ;441414;150;460582;460582;;5188;;;;;;
3/31/2025 9:44:01;31/03/2025;Junior ;Saída;HOB1G50 ;759409;90;460672;460672;;5098;;;;;;
3/31/2025 10:26:53;31/03/2025;Junior ;Saída;PVD2450 ;737214;53;460725;460725;;5045;;;;;;
3/31/2025 11:06:08;31/03/2025;Junior ;Saída;NYF1166 ;825977;162;460887;460887;;4883;;;;;;
3/31/2025 14:30:45;31/03/2025;Junior ;Saída;PZE8684 ;483217;50;460937;460937;;4833;;;;;;
3/31/2025 15:25:23;31/03/2025;Junior;Saída;QMQ5351 ;470946;193;461130;461130;;4640;;;;;;
3/31/2025 15:55:09;31/03/2025;Junior ;Saída;BPQ3I53 ;240311;10;461140;461140;;4630;;;;;;
3/31/2025 16:54:47;31/03/2025;Junior ;Saída;RUJ4I21 ;183971;57;461197;461197;;4573;;;;;;
3/31/2025 18:22:36;31/03/2025;Marcos ;Saída;TCZ5G61;25246;257;461455;461454;;4316;;;;;;
4/1/2025 8:55:56;01/04/2025;Junior ;Saída;FHI8909 ;402345;106;461561;461561;;4210;;;;;;
4/1/2025 11:56:28;01/04/2025;Junior ;Saída;SYR8F16 ;98187;515;462076;462076;;3695;;;;;;
4/1/2025 15:29:44;01/04/2025;Junior ;Saída;FZG5A23 ;262663;262;462338;462338;;3433;;;;;;
4/1/2025 16:22:26;01/04/2025;Junior ;Saída;BPQ3I53 ;240760;14;462352;462352;;3419;;;;;;
4/1/2025 17:29:04;01/04/2025;Junior ;Saída;FZG4F66 ;507360;24;462376;462376;;3395;;;;;;
4/1/2025 17:35:48;01/04/2025;Junior ;Saída;GWI4D64 ;151251;111;462488;462487;;3284;;;;;;
4/1/2025 17:51:41;01/04/2025;Junior ;Saída;PVD2450 ;737645;90;462577;462578;;3194;;;;;;
5/5/2025 7:50:37;05/05/2025;Marcos ;Saída;EBO0I79;671777;220;491396;462797;;2974;;;;;;
4/2/2025 8:36:17;02/04/2025;Junior;Saída;TCT6G13 ;39032;500;463375;491896;;2474;;;;;;
4/2/2025 11:40:05;02/04/2025;Junior ;Saída;SIX6A60;98001;345;463830;463720;;2129;;;;;;
4/2/2025 11:44:31;02/04/2025;Junior;Saída;QPA8450 ;441912;110;463485;463940;;2019;;;;;;
4/2/2025 12:02:43;02/04/2025;Junior ;Saída;SYN6C07 ;81566;73;463904;463558;;1946;;;;;;
4/2/2025 13:54:24;02/04/2025;Junior ;Saída;RUJ4I21 ;184623;85;463994;463989;;1861;;;;;;
4/2/2025 13:58:33;02/04/2025;Junior ;Saída;HOB1G50 ;759851;108;464102;464102;;1753;;;;;;
4/2/2025 14:22:38;02/04/2025;Junior ;Saída;TCZ5G61 ;25578;105;464207;464207;;1648;;;;;;
4/2/2025 14:27:20;02/04/2025;Junior ;Saída;FZG4F66 ;507505;18;464225;464225;;1630;;;;;;
4/2/2025 14:36:29;02/04/2025;Junior ;Saída;PVD2450 ;737953;57;464282;464282;;1573;;;;;;
4/2/2025 14:48:21;02/04/2025;Eduardo ;Saída;BPQ3I53 ;241251;9;464291;464291;;1564;;;;;;
4/2/2025 16:24:30;02/04/2025;Junior ;Saída;FMZ8I54;360206;260;464621;464551;;1304;;;;;;
4/2/2025 17:03:54;02/04/2025;Junior ;Saída;SYJ0E53 ;98718;130;464881;464751;;1174;;;;;;
4/3/2025 7:52:41;03/04/2025;Junior;Saída;OOY7286;433413;125;465006;465006;;1049;;;;;;
4/3/2025 8:31:41;03/04/2025;Junior ;Saída;FHI8909 ;402646;75;465081;465081;;974;;;;;;
4/3/2025 9:22:36;03/04/2025;Junior ;Saída;ASW9J91 ;913438;310;465391;465391;;664;;;;;;
4/3/2025 11:39:43;03/04/2025;Junior ;Saída;QMQ5351 ;471455;115;465506;465506;;549;;;;;;
4/3/2025 15:16:08;03/04/2025;Junior ;Saída;SYR8F16 ;98602;125;465631;465631;;424;;;;;;
4/3/2025 16:03:49;02/04/2025;Junior ;Saída;PZE8684 ;464751;130;483941;465761;;294;;;;;;
4/3/2025 16:05:11;03/04/2025;Junior ;Entrada;-;-;6000;465506;489941;;6294;;;;;;
4/3/2025 16:37:34;03/04/2025;Junior ;Saída;FZG5A23 ;263220;135;465766;465641;;6159;;;;;;
4/4/2025 7:28:22;04/04/2025;Junior ;Saída;TCT6G13 ;39884;346;466112;466112;;5813;;;;;;
4/4/2025 8:59:58;04/04/2025;Junior;Saída;QPA8450 ;443480;220;463332;466332;;5593;;;;;;
4/4/2025 12:26:22;04/04/2025;Junior ;Saída;NYF1166 ;826485;154;466486;463486;;5439;;;;;;
4/4/2025 14:03:47;04/04/2025;Junior ;Saída;GWI4D64 ;151711;135;466621;466621;;5304;;;;;;
4/4/2025 14:22:04;04/04/2025;Junior;Saída;BPQ3I53 ;241804;46;466667;466667;;5258;;;;;;
4/4/2025 14:38:50;04/04/2025;Junior ;Saída;HOB1G50 ;760250;102;466769;466769;;5156;;;;;;
4/4/2025 14:43:17;04/04/2025;Junior ;Saída;PZE8684 ;484492;88;466857;466857;;5068;;;;;;
4/4/2025 14:46:58;04/04/2025;Junior ;Saída;PVD2450 ;738285;80;466937;466937;;4988;;;;;;
4/4/2025 15:19:34;04/04/2025;Junior ;Saída;SYN6C07 ;82127;74;467011;467011;;4914;;;;;;
5/26/2025 9:46:42;26/05/2025;Fernando;Saída;EBO0I79;674024;340;507291;467351;;4574;;;;;;
4/7/2025 9:14:59;07/04/2025;Eduardo ;Saída;SIX6A60;99329;321;467901;507612;;4253;;;;;;
4/7/2025 9:31:01;07/04/2025;Eduardo ;Saída;TCG1D95 ;739061;553;468454;468454;;3700;;;;;;
4/7/2025 10:08:55;07/04/2025;Junior ;Saída;CPN1798;691584;60;468514;468514;;3640;;;;;;
4/7/2025 10:37:38;07/04/2025;Junior ;Saída;FZG4F66 ;508385;44;468558;468558;;3596;;;;;;
4/7/2025 15:07:25;07/04/2025;Junior ;Saída;QMQ5351 ;4719301;184;468742;468742;;3412;;;;;;
4/7/2025 16:35:53;07/04/2025;Junior ;Saída;RUJ4I21 ;185155;68;468810;468810;;3344;;;;;;
4/7/2025 16:39:25;07/04/2025;Junior ;Saída;FZG5A23 ;264392;247;467580;469057;;3097;;;;;;
4/7/2025 18:09:55;07/04/2025;Marcos;Saída;SYJ0E53;99754;162;468971;467742;;2935;;;;;;
4/8/2025 9:18:09;08/04/2025;Junior ;Saída;FHI8909 ;402997;95;469066;469066;;2840;;;;;;
4/8/2025 11:09:50;08/04/2025;Eduardo ;Saída;HOB1G50 ;760652;90;469156;469156;;2750;;;;;;
4/8/2025 15:00:00;08/04/2025;Junior ;Saída;TDP7I31 ;10239;350;469506;469506;;2400;;;;;;
4/8/2025 15:03:49;08/04/2025;Junior ;Saída;PZE8684 ;485086;100;469606;469606;;2300;;;;;;
4/8/2025 15:08:50;08/04/2025;Junior ;Saída;PVD2450 ;738864;130;469736;469736;;2170;;;;;;
4/8/2025 17:13:35;08/04/2025;Junior ;Saída;SYN6C07 ;82663;70;469806;469806;;2100;;;;;;
4/9/2025 8:58:46;09/04/2025;Junior;Saída;TDQ1F80;21562;500;470306;470306;;1600;;;;;;
4/9/2025 9:57:41;09/04/2025;Junior ;Saída;GWI4D64 ;152099;117;470423;470423;;1483;;;;;;
4/9/2025 11:13:11;09/04/2025;Eduardo ;Saída;FZG5A23;265252;128;470551;470551;;1355;;;;;;
4/9/2025 12:08:40;09/04/2025;Eduardo ;Entrada;-;-;5000;470551;475551;;6355;;;;;;
4/9/2025 15:58:23;09/04/2025;Eduardo ;Saída;SYJ0E53 ;100957;165;470716;470716;;6190;;;;;;
4/9/2025 16:58:32;09/04/2025;Junior ;Saída;RUJ4I21 ;185886;97;470813;470813;;6093;;;;;;
4/10/2025 7:50:36;10/04/2025;Junior ;Saída;SYN6C07 ;83135;58;470892;470871;;6035;;;;;;
4/10/2025 9:16:17;10/04/2025;Junior;Saída;FHI8909 ;403314;80;470972;470972;;5955;;;;;;
4/10/2025 10:37:52;09/04/2025;Junior ;Saída;PZE8684 ;485206;21;470834;470993;;5934;;;;;;
4/10/2025 11:50:13;10/04/2025;Junior ;Saída;CPN1798 ;691781;55;471027;470889;;5879;;;;;;
4/10/2025 16:03:11;10/04/2025;Junior;Saída;BPQ3I53 ;242891;30;471057;471057;;5849;;;;;;
4/10/2025 18:29:43;10/04/2025;Junior ;Saída;PZE8684 ;485560;63;471120;471120;;5786;;;;;;
4/10/2025 19:54:33;10/04/2025;Marcos;Saída;FZG4F66;509310;46;471166;471166;;5740;;;;;;
4/11/2025 8:47:27;11/04/2025;Marcos;Saída;PVD2450;739749;88;471254;471254;;5652;;;;;;
4/11/2025 8:54:31;11/04/2025;Marcos;Saída;NYF1166;829005;213;471467;471467;;5439;;;;;;
4/11/2025 9:05:02;11/04/2025;Marcos;Saída;BPQ3I53;243343;45;471512;471512;;5394;;;;;;
4/11/2025 10:36:12;11/04/2025;Junior;Saída;TDP7I31 ;10824;153;471665;471665;;5241;;;;;;
4/11/2025 10:40:24;11/04/2025;Junior;Saída;FZG5A23 ;265705;110;471775;471775;;5131;;;;;;
4/11/2025 12:30:19;11/04/2025;Junior ;Saída;GWI4D64 ;152571;138;471913;471913;;4993;;;;;;
4/11/2025 14:00:02;11/04/2025;Junior ;Saída;HOB1G50 ;761089;115;472028;472028;;4878;;;;;;
4/11/2025 14:07:16;11/04/2025;Junior;Saída;PVD2450 ;739749;8;472036;472036;;4870;;;;;;
4/11/2025 14:17:04;11/04/2025;Junior ;Saída;QPA8450 ;444469;130;472167;472166;;4740;;;;;;
4/11/2025 14:52:12;11/04/2025;Junior;Saída;SYN6C07 ;83594;48;4772214;472215;;4692;;;;;;
4/14/2025 7:47:49;14/04/2025;Junior;Saída;TCT6G13 ;41487;590;472804;4772804;;4102;;;;;;
4/14/2025 8:55:02;14/04/2025;Junior ;Saída;TDP7I31 ;11720;225;473029;473029;;3877;;;;;;
4/14/2025 10:21:38;14/04/2025;Junior;Saída;NYF1166 ;829848;210;473239;473239;;3667;;;;;;
4/14/2025 14:37:19;14/04/2025;Junior ;Saída;QMQ5351 ;472721;210;473449;473449;;3457;;;;;;
4/14/2025 14:54:30;14/04/2025;Junior ;Saída;SYJ0E53 ;101375;103;473552;473552;;3354;;;;;;
4/14/2025 15:59:08;14/04/2025;Junior;Saída;QPA8450 ;445017;110;473662;473662;;3244;;;;;;
4/14/2025 16:11:10;14/04/2025;Eduardo ;Saída;PZE8684 ;486124;95;473757;473757;;3149;;;;;;
4/14/2025 16:47:13;14/04/2025;Junior;Saída;BPQ3I53 ;243845;17;473774;473774;;3132;;;;;;
4/14/2025 16:52:16;14/04/2025;Junior;Saída;RUJ4I21 ;186522;28;473802;473802;;3104;;;;;;
4/15/2025 7:32:49;15/04/2025;Junior ;Saída;OQG0G68;1079959;372;474174;474174;;2732;;;;;;
4/15/2025 9:04:04;15/04/2025;Junior;Saída;TCZ5G61 ;27370;433;474607;474607;;2299;;;;;;
4/15/2025 9:08:26;15/04/2025;Junior ;Saída;PVD2450 ;740727;74;474681;474681;;2225;;;;;;
4/15/2025 11:30:51;15/04/2025;Junior ;Saída;SYR8F16 ;100295;440;475121;475121;;1785;;;;;;
4/15/2025 17:12:23;15/04/2025;Junior;Saída;GWI4D64 ;152937;111;475232;475232;;1674;;;;;;
4/15/2025 17:35:04;15/04/2025;Junior;Saída;FHI8909 ;404300;60;475292;475292;;1614;;;;;;
4/16/2025 8:35:05;16/04/2025;Eduardo ;Saída;SYN6C07;84318;90;475382;475382;;1524;;;;;;
4/16/2025 9:15:09;16/04/2025;Junior;Saída;FZG4F66 ;510277;43;475425;475425;;1481;;;;;;
4/16/2025 9:33:51;16/04/2025;Junior ;Saída;AXS9G25 ;1049648;343;475768;475768;;1138;;;;;;
4/16/2025 10:18:24;16/04/2025;Junior;Entrada;-;-;5000;475768;480768;;6138;;;;;;
4/16/2025 13:47:43;16/04/2025;Marcos;Saída;SIX6A60;100699;355;476123;476123;;5783;;;;;;
4/16/2025 15:29:31;16/04/2025;Junior ;Saída;RUJ4I21 ;186942;53;476176;476176;;5730;;;;;;
4/16/2025 15:38:19;16/04/2025;Junior ;Saída;TDQ1F80 ;476436;260;476436;476436;;5470;;;;;;
4/16/2025 18:35:07;16/04/2025;Marcos;Saída;OQG0G68;1080336;111;476547;476547;;5359;;;;;;
4/16/2025 19:35:18;16/04/2025;Marcos;Saída;SYJ0E53;102332;127;476674;476674;;5232;;;;;;
4/17/2025 7:22:43;17/04/2025;Junior ;Saída;QPA8450 ;445912;182;476857;476856;;5050;;;;;;
4/17/2025 7:38:43;17/04/2025;Junior;Saída;CPN1798 ;692174;115;476972;476972;;4935;;;;;;
4/17/2025 7:49:29;17/04/2025;Junior ;Saída;FZG4F66 ;761450;80;477052;477052;;4855;;;;;;
4/17/2025 10:17:40;17/04/2025;Junior ;Saída;NYF1166 ;830813;76;477128;477128;;4779;;;;;;
5/28/2025 10:58:34;28/05/2025;Fernando;Saída;EBO0I79;675120;372;509380;477500;;4407;;;;;;
4/17/2025 15:04:19;17/04/2025;Junior;Saída;FZG5A23 ;268087;94;477416;509474;;4313;;;;;;
4/17/2025 15:17:27;17/04/2025;Junior ;Saída;BPQ3I53 ;244435;27;477443;477443;;4286;;;;;;
4/17/2025 15:23:36;17/04/2025;Junior ;Saída;FHI8909 ;404756;120;477563;477563;;4166;;;;;;
4/17/2025 16:36:20;17/04/2025;Junior ;Saída;ASW9J91 ;914751;422;477985;477985;;3744;;;;;;
4/17/2025 17:11:55;17/04/2025;Junior ;Saída;TCT6G13 ;42474;380;478365;478365;;3364;;;;;;
3/18/2025 10:41:03;18/03/2025;Junior ;Saída;EBO0I79;661780;305;449431;478670;;3059;;;;;;
4/22/2025 8:49:42;22/04/2025;Junior ;Saída;TCG1D95;78177;775;479395;450206;;2284;;;;;;
4/22/2025 9:42:52;22/04/2025;Junior ;Saída;PVD2450 ;741022;66;479461;479461;;2218;;;;;;
4/22/2025 13:40:26;22/04/2025;Eduardo ;Entrada;-;-;3000;479461;482461;;5218;;;;;;
4/22/2025 13:49:15;22/04/2025;Eduardo ;Saída;QMQ5351;473523;225;479686;479686;;4993;;;;;;
4/22/2025 15:05:38;22/04/2025;Junior;Saída;TDP7I31 ;13483;398;480084;480084;;4595;;;;;;
4/22/2025 15:52:42;22/04/2025;Junior ;Saída;SYJ0E53 ;102896;138;480223;480222;;4457;;;;;;
4/23/2025 10:34:48;23/04/2025;Eduardo ;Saída;HOB1G50 ;762376;206;480429;480429;;4251;;;;;;
4/23/2025 11:21:14;23/04/2025;Junior ;Saída;FZG5A23 ;268968;192;480621;480621;;4059;;;;;;
4/23/2025 11:44:20;23/04/2025;Junior;Saída;FZG4F66 ;510540;40;480661;480661;;4019;;;;;;
4/23/2025 12:22:18;23/04/2025;Junior ;Saída;SYR8F16 ;101647;350;481810;481011;;3669;;;;;;
4/23/2025 13:40:50;23/04/2025;Junior;Saída;QQM5087;349335;64;481074;481874;;3605;;;;;;
4/23/2025 14:03:53;23/04/2025;Eduardo ;Saída;NYF1166;831674;204;481278;481278;;3401;;;;;;
4/23/2025 14:08:50;23/04/2025;Eduardo ;Saída;PZE8684;487537;74;481352;481352;;3327;;;;;;
4/24/2025 7:52:24;24/04/2025;Junior ;Saída;FHI8909 ;405191;117;481676;481469;;3210;;;;;;
4/24/2025 9:28:37;24/04/2025;Junior ;Saída;SYN6C07 ;86080;72;481748;481748;;3138;;;;;;
4/24/2025 9:45:02;24/04/2025;Junior ;Saída;PVD2450 ;741544;125;481873;481873;;3013;;;;;;
4/24/2025 11:31:42;24/04/2025;Junior ;Saída;QPA8450 ;446336;115;481988;481988;;2898;;;;;;
4/24/2025 11:57:06;24/04/2025;Junior ;Saída;TCZ5G61 ;29238;460;482448;482448;;2438;;;;;;
4/24/2025 12:18:13;24/04/2025;Junior;Saída;SIX6A60;102007;335;482783;482783;;2103;;;;;;
4/2/2025 7:46:03;02/04/2025;Junior ;Saída;EBO0I79;663753;298;462875;483081;;1805;;;;;;
4/24/2025 14:34:37;24/04/2025;Junior ;Saída;EBO0I79;669733;233;483016;509240;;3694;;;;;;
4/24/2025 14:38:21;24/04/2025;Junior;Saída;FZG4F66 ;511057;45;483061;462920;;1760;;;;;;
4/24/2025 14:55:45;24/04/2025;Junior;Saída;HOB1G50 ;762677;66;483127;483127;;1694;;;;;;
4/24/2025 15:19:37;24/04/2025;Junior ;Entrada;-;-;3000;483127;486127;;4694;;;;;;
4/24/2025 15:44:20;24/04/2025;Junior ;Saída;SYJ0E53 ;103667;170;483297;483297;;4524;;;;;;
4/24/2025 16:15:23;23/04/2025;Junior ;Saída;BPQ3I53 ;481373;21;481373;483318;;4503;;;;;;
4/24/2025 16:18:02;22/04/2025;Junior ;Saída;RUJ4I21 ;188504;60;481433;481433;;4443;;;;;;
4/24/2025 16:19:01;23/04/2025;Junior ;Saída;GWI4D64 ;153349;126;481559;481559;;4317;;;;;;
4/24/2025 17:00:27;24/04/2025;Junior ;Saída;QMQ5351 ;473968;120;483417;481679;;4197;;;;;;
4/25/2025 8:16:43;25/04/2025;Eduardo ;Saída;BPQ3I53 ;245164;16;483433;483433;;4181;;;;;;
4/25/2025 10:19:13;25/04/2025;Junior ;Saída;FZG5A23 ;269839;195;483528;483628;;3986;;;;;;
4/25/2025 10:28:12;25/04/2025;Junior ;Saída;NYF1166 ;832528;213;483941;483741;;3773;;;;;;
4/25/2025 11:13:00;25/04/2025;Junior ;Saída;GGN2B61;211067;273;484114;484214;;3500;;;;;;
4/25/2025 11:18:31;25/04/2025;Junior ;Saída;PZE8684 ;488141;100;484214;484214;;3400;;;;;;
4/25/2025 11:43:49;25/04/2025;Junior;Saída;TCG1D95 ;78622;205;484420;484419;;3195;;;;;;
4/25/2025 12:03:38;25/04/2025;Junior ;Saída;TDP7I31 ;14489;240;484660;484660;;2955;;;;;;
4/25/2025 12:10:36;25/04/2025;Junior ;Saída;RUJ4I21 ;188930;53;484713;484713;;2902;;;;;;
4/25/2025 14:01:15;25/04/2025;Eduardo ;Saída;PVD2450;741706;35;484748;484748;;2867;;;;;;
4/25/2025 14:45:53;25/04/2025;Junior;Saída;GWI4D64 ;153746;123;484871;484871;;2744;;;;;;
4/25/2025 16:48:11;25/04/2025;Junior;Saída;BPQ3I53 ;245514;41;484912;484912;;2703;;;;;;
4/28/2025 7:19:30;28/04/2025;Junior;Saída;FHI8909 ;405443;58;484970;484970;;2645;;;;;;
4/28/2025 7:49:38;28/04/2025;Junior ;Saída;TCT6G13 ;43821;515;485485;485485;;2130;;;;;;
4/28/2025 8:58:19;28/04/2025;Junior ;Saída;QPA8450 ;447313;185;485670;485670;;1945;;;;;;
4/28/2025 10:36:33;28/04/2025;Junior;Saída;NYF1166 ;833379;200;485870;485870;;1745;;;;;;
4/28/2025 10:57:13;28/04/2025;Junior;Saída;QMQ5351 ;474391;115;485985;485985;;1630;;;;;;
4/28/2025 12:15:19;28/04/2025;Junior;Saída;RUJ4I21 ;189345;63;486048;486048;;1567;;;;;;
4/28/2025 12:28:34;28/04/2025;Junior;Saída;CPN1798 ;692784;170;486218;486218;;1397;;;;;;
4/28/2025 16:06:47;28/04/2025;Junior ;Saída;SYJ0E53 ;104116;98;486316;486316;;1299;;;;;;
4/29/2025 11:40:07;29/04/2025;Junior;Saída;BPQ3I53 ;245654;19;486335;486335;;1280;;;;;;
4/29/2025 13:51:34;29/04/2025;Junior;Saída;AXS9G25 ;1050714;390;486725;486725;;890;;;;;;
29/04/2025 14:10;29/04/2025;Eduardo ;Entrada;-;-;5000;486725;491725;;5890;;;;;;
4/29/2025 14:26:03;29/04/2025;Junior;Saída;FMZ8I54 ;363763;502;487227;487227;;5388;;;;;;
4/29/2025 17:34:36;29/04/2025;Junior;Saída;SYN6C07 ;86722;84;487311;487311;;5304;;;;;;
4/29/2025 18:05:42;29/04/2025;Junior ;Saída;RUJ4I21 ;189960;77;487388;487388;;5227;;;;;;
4/30/2025 8:01:27;30/04/2025;Junior;Saída;FHI8909 ;405709;66;487454;487454;;5161;;;;;;
4/30/2025 15:02:58;30/04/2025;Junior ;Saída;PVD2450 ;741823;26;487480;487480;;5135;;;;;;
4/30/2025 15:29:02;30/04/2025;Junior ;Saída;OQG0G68 ;1083922;235;487715;487715;;4900;;;;;;
4/30/2025 16:13:22;30/04/2025;Junior;Saída;GWI4D64 ;154109;104;487904;487819;;4796;;;;;;
4/30/2025 16:20:11;30/04/2025;Junior ;Saída;SYJ0E53 ;104939;172;488076;488076;;4624;;;;;;
4/30/2025 16:38:39;30/04/2025;Junior;Saída;TDQ1F80 ;23248;411;488486;488487;;4213;;;;;;
4/30/2025 16:45:15;30/04/2025;Junior ;Saída;QMQ5351 ;474783;102;488589;488588;;4111;;;;;;
5/1/2025 16:48:21;01/05/2025;Marcos;Saída;FZG5A23;270845;210;489118;488799;;3901;;;;;;
5/1/2025 16:59:57;01/05/2025;Marcos;Saída;BPQ3I53;245876;32;489150;489150;;3869;;;;;;
5/2/2025 7:49:48;02/05/2025;Junior ;Saída;TCT6G13 ;44674;320;489470;489470;;3549;;;;;;
5/2/2025 10:56:49;02/05/2025;Junior ;Saída;TCG1D95 ;82350;675;490145;490145;;2874;;;;;;
5/2/2025 11:02:27;02/05/2025;Junior ;Saída;QMQ5351 ;474951;50;490195;490195;;2824;;;;;;
5/2/2025 12:03:15;30/04/2025;Junior;Saída;SYR8F16 ;102977;320;488908;490515;;2504;;;;;;
5/2/2025 15:55:57;02/05/2025;EDUARDO;Saída;PVD2450;742275;100;490432;489008;;2404;;;;;;
5/2/2025 15:56:39;02/05/2025;EDUARDO;Saída;FZG4F66;512029;35;490467;490467;;2369;;;;;;
5/2/2025 15:57:23;02/05/2025;EDUARDO;Saída;TDP7I31;15838;335;490802;490802;;2034;;;;;;
5/2/2025 16:00:36;02/05/2025;EDUARDO;Saída;PZE8684;488979;45;490847;490847;;1989;;;;;;
5/2/2025 16:01:16;02/05/2025;EDUARDO;Saída;SIX6A60;102930;270;491117;491117;;1719;;;;;;
5/2/2025 18:44:44;02/05/2025;Marcos;Saída;QQM5087;349802;58;491176;491175;;1661;;;;;;
4/4/2025 16:37:47;04/04/2025;Junior ;Saída;EBO0I79;664666;321;467333;491497;;1340;;;;;;
5/5/2025 8:49:30;05/05/2025;Eduardo ;Saída;RUJ4I21 ;191161;65;491461;467398;;1275;;;;;;
5/5/2025 9:03:18;05/05/2025;Eduardo ;Saída;SYJ0E53 ;105417;102;491563;491563;;1173;;;;;;
5/5/2025 11:15:15;05/05/2025;Eduardo ;Saída;TCZ5G61 ;30799;422;491985;491985;;751;;;;;;
5/5/2025 15:31:07;05/05/2025;Eduardo ;Saída;HOB1G50 ;764176;143;492128;492128;;608;;;;;;
5/5/2025 15:38:40;05/05/2025;Eduardo ;Saída;BPQ3I53 ;246337;8;492136;492136;;600;;;;;;
5/5/2025 15:42:35;05/05/2025;Eduardo ;Saída;SYN6C07 ;8668;55;492191;492191;;545;;;;;;
5/5/2025 16:48:27;05/05/2025;Eduardo ;Saída;QPA8450;448139;100;492291;492291;;445;;;;;;
5/6/2025 8:29:33;06/05/2025;Eduardo ;Saída;FHI8909;406079;20;492311;492311;;425;;;;;;
5/6/2025 10:31:09;06/05/2025;Eduardo ;Saída;PZE8684;489507;95;492406;492406;;330;;;;;;
5/6/2025 10:37:09;06/05/2025;Eduardo ;Entrada;-;-;6000;-;;;6330;;;;;;
5/7/2025 8:13:20;07/05/2025;Marcos;Saída;TCT6G13;45806;409;492836;492815;;5921;;;;;;
5/7/2025 8:22:05;07/05/2025;Marcos ;Saída;FHI8909;406181;82;492918;492918;;5839;;;;;;
5/7/2025 14:29:25;07/05/2025;Marcos;Saída;SYJ0E53;106456;142;493060;493060;;5697;;;;;;
5/7/2025 16:50:41;07/05/2025;Marcos;Saída;SYR8F16;104372;307;493367;493367;;5390;;;;;;
5/7/2025 16:53:04;07/05/2025;Marcos;Saída;QMQ5351;475355;119;493486;493486;;5271;;;;;;
5/8/2025 7:50:26;08/05/2025;Marcos ;Saída;EBO0I79;672541;290;493776;493776;;4981;;;;;;
5/8/2025 14:33:04;08/05/2025;Marcos;Saída;PZE8684;489952;75;493851;493851;;4906;;;;;;
5/8/2025 16:28:45;08/05/2025;Eduardo ;Saída;FZG5A23 ;76430;238;494090;494089;;4668;;;;;;
5/8/2025 16:38:56;08/05/2025;Eduardo ;Saída;QPA8450;449418;230;494320;494320;;4438;;;;;;
5/8/2025 16:54:46;08/05/2025;Eduardo ;Saída;SIX6A60;104280;333;494653;494653;;4105;;;;;;
5/8/2025 17:01:57;08/05/2025;Eduardo ;Saída;FZG4F66 ;513221;45;494698;494698;;4060;;;;;;
5/9/2025 8:32:56;09/05/2025;Eduardo ;Saída;TDP7I31;17787;471;495169;495169;;3589;;;;;;
5/9/2025 8:50:44;09/05/2025;Eduardo ;Saída;GWI4D64;154754;195;495363;495364;;3394;;;;;;
5/9/2025 9:39:12;09/05/2025;Eduardo ;Saída;NYF1166;834316;148;495512;495511;;3246;;;;;;
5/9/2025 10:51:06;09/05/2025;Eduardo ;Saída;SYJ0E53 ;107082;138;495650;495650;;3108;;;;;;
5/9/2025 17:06:56;09/05/2025;Marcos;Saída;PZE8684;490546;100;495750;495750;;3008;;;;;;
5/12/2025 8:46:29;12/05/2025;Eduardo;Saída;FHI8909;406562;116;495866;495866;;2892;;;;;;
5/12/2025 9:00:37;12/05/2025;Eduardo;Saída;SYN6C07 ;88983;64;495930;495930;;2828;;;;;;
5/12/2025 10:08:01;12/05/2025;Eduardo;Saída;TCT6G13;406701;320;496250;496250;;2508;;;;;;
5/12/2025 16:41:34;12/05/2025;Eduardo;Saída;NYF1166;835175;205;496500;496455;;2303;;;;;;
5/12/2025 16:54:48;12/05/2025;Eduardo;Saída;TCZ5G61;32053;313;496813;496813;;1990;;;;;;
5/12/2025 17:03:26;12/05/2025;Eduardo;Saída;SIX6A60;104724;130;496943;496943;;1860;;;;;;
5/13/2025 11:01:00;12/05/2025;Eduardo;Saída;HOB1G50;764836;145;497088;497088;;1715;;;;;;
5/13/2025 11:24:19;13/05/2025;Eduardo;Saída;SYJ0E53;107527;94;497182;497182;;1621;;;;;;
5/13/2025 11:46:35;13/05/2025;Eduardo;Saída;QPA8450;449786;94;497276;497276;;1527;;;;;;
5/13/2025 11:54:23;13/05/2025;Eduardo;Saída;QMQ5351;476207;242;497518;497518;;1285;;;;;;
5/13/2025 12:07:33;13/05/2025;Eduardo;Saída;TCG1D95;83581;570;498088;498088;;715;;;;;;
13/05/2025 14:15;13/05/2025;Eduardo;Entrada;-;-;4000;-;;;4715;;;;;;
5/13/2025 16:15:46;13/05/2025;Eduardo;Saída;SYR8F16;105940;427;498515;498515;;4288;;;;;;
5/13/2025 16:21:59;13/05/2025;Eduardo;Saída;PZE8684;491096;105;498620;498620;;4183;;;;;;
5/13/2025 16:23:09;13/05/2025;Eduardo;Saída;TCZ5G61;19118;308;498928;498928;;3875;;;;;;
5/13/2025 16:24:23;13/05/2025;Eduardo;Saída;SYN6C07;89421;60;498988;498988;;3815;;;;;;
13/05/2025 17:10:00;13/05/2025;Eduardo;Saída;GWI4D64;155154;118;499106;499106;;3697;;;;;;
5/14/2025 9:08:17;14/05/2025;Eduardo;Saída;OQG0G68;1086378;360;499466;499466;;3337;;;;;;
5/15/2025 9:10:31;14/05/2025;Eduardo;Saída;RUJ4I21;193047;69;499534;499535;;3268;;;;;;
5/15/2025 9:11:25;14/05/2025;Eduardo;Saída;FZG4F66;513704;43;499577;499577;;3225;;;;;;
5/15/2025 18:49:44;14/05/2025;Marcos;Saída;SIJ7J52;73235;45;499622;499622;;3180;;;;;;
5/15/2025 9:15:26;15/05/2025;Eduardo;Saída;FHI8909;407085;144;499766;499766;;3081;;;;;;
5/15/2025 9:47:31;15/05/2025;Eduardo;Saída;QPA8450;451369;234;500000;500000;;2847;;;;;;
5/15/2025 16:22:00;15/05/2025;Eduardo;Saída;BPQ3I53;248439;39;500039;500039;;2808;;;;;;
5/15/2025 18:50:26;15/05/2025;Marcos;Saída;RUJ4I21;193510;64;500102;500103;;2744;;;;;;
5/16/2025 14:52:06;16/05/2025;Eduardo;Saída;SIX6A60;105620;250;500352;500352;;2494;;;;;;
5/16/2025 15:21:51;16/05/2025;Eduardo;Saída;NYF1166;835693;159;500511;500511;;2335;;;;;;
5/16/2025 15:47:14;16/05/2025;Eduardo;Saída;PZE8684;491595;87;500598;500598;;2248;;;;;;
5/16/2025 15:58:10;16/05/2025;Eduardo;Saída;SIJ7J52;73926;52;500650;500650;;2196;;;;;;
5/16/2025 16:03:15;16/05/2025;Eduardo;Saída;GWI4D64;155542;111;500762;500761;;2085;;;;;;
5/16/2025 17:09:20;16/05/2025;Marcos;Saída;SYN6C07;90378;91;500852;500853;;1994;;;;;;
5/16/2025 17:19:34;16/05/2025;Marcos;Saída;FMZ8I54;365292;515;501368;501367;;1479;;;;;;
16/05/2025 16:10:00;16/05/2025;Eduardo;Entrada;-;-;4000;-;;;5479;;;;;;
5/19/2025 7:14:27;19/05/2025;Marcos;Saída;FZG4F66;514689;50;501418;501418;;5429;;;;;;
5/19/2025 16:39:08;16/05/2025;Eduardo;Saída;SYJ0E53;108472;161;501579;501579;;5268;;;;;;
5/19/2025 16:40:02;19/05/2025;Eduardo;Saída;BPQ3I53;248586;21;501600;501600;;5247;;;;;;
5/19/2025 17:23:55;19/05/2025;Eduardo;Saída;NYF1166;836528;200;5011801;501800;;5047;;;;;;
5/20/2025 8:15:39;20/05/2025;Eduardo;Saída;FZG4F66;515102;49;501849;5011850;;4998;;;;;;
5/20/2025 10:47:52;20/05/2025;Eduardo;Saída;TCG1D95;85475;790;502639;502639;;4208;;;;;;
5/20/2025 10:49:05;20/05/2025;Eduardo;Saída;FHI8909;407544;115;502754;502754;;4093;;;;;;
5/20/2025 16:55:36;20/05/2025;Eduardo;Saída;PVD2450;744494;55;502912;502809;;4038;;;;;;
5/20/2025 16:56:11;20/05/2025;Eduardo;Saída;QMQ5351;477160;250;503162;503162;;3788;;;;;;
5/20/2025 17:14:39;20/05/2025;Fernando;Saída;PZE8684;492191;103;502857;503265;;3685;;;;;;
5/21/2025 8:40:21;21/05/2025;Fernando;Saída;SYN6C07;91043;90;503252;502947;;3595;;;;;;
5/21/2025 8:46:33;21/05/2025;Fernando;Saída;QWS8608;335907;70;503322;503322;;3525;;;;;;
5/21/2025 10:23:08;21/05/2025;Marcos;Saída;QPA8450;452356;213;503535;503535;;3312;;;;;;
5/21/2025 13:53:47;21/05/2025;Marcos;Saída;HOB1G50;766095;100;503635;503635;;3212;;;;;;
5/21/2025 14:00:01;21/05/2025;Marcos;Saída;GWI4D64;155908;111;503746;503746;;3101;;;;;;
5/21/2025 14:10:19;21/05/2025;Marcos;Saída;ASW9J91;919134;428;504175;504174;;2673;;;;;;
5/22/2025 8:56:00;22/05/2025;Eduardo;Saída;SYN6C07;91493;66;504240;504241;;2607;;;;;;
5/22/2025 8:58:00;22/05/2025;Eduardo ;Saída;SYJ0E53;109444;145;504385;504385;;2462;;;;;;
5/22/2025 13:33:00;22/05/2025;Eduardo ;Saída;TCZ5G61;33311;333;504718;504718;;2129;;;;;;
5/22/2025 17:12:07;22/05/2025;Marcos;Saída;SYR8F16;107810;456;505174;505174;;1673;;;;;;
5/23/2025 10:21:45;23/05/2025;Eduardo;Saída;TCT6G13;47886;457;505631;505631;;1216;;;;;;
5/23/2025 10:23:07;23/05/2025;Eduardo;Saída;RUJ4I21;195372;65;505696;505696;;1151;;;;;;
5/23/2025 10:23:47;23/05/2025;Eduardo;Saída;SIX6A60;107296;429;506125;506125;;722;;;;;;
5/23/2025 10:24:44;23/05/2025;Eduardo;Saída;TDP7I31;21417;123;506248;506248;;599;;;;;;
5/23/2025 12:45:05;23/05/2025;Eduardo;Entrada;-;-;4000;506248;510248;;4599;;;;;;
5/23/2025 16:14:58;23/05/2025;Eduardo;Saída;PZE8689;492539;65;506313;506313;;4534;;;;;;
5/23/2025 16:15:57;23/03/2025;Eduardo;Saída;TDP7I31;21417;345;506658;506658;;4189;;;;;;
5/23/2025 16:17:24;23/05/2025;Eduardo;Saída;SIJ7J52;74569;49;506707;506707;;4140;;;;;;
5/23/2025 16:18:28;23/05/2025;Eduardo;Saída;PVD2450;745434;92;506799;506799;;4048;;;;;;
5/23/2025 16:23:28;23/05/2025;Eduardo;Saída;SYN6C07;92030;65;506864;506864;;3983;;;;;;
5/23/2025 16:23:58;23/05/2025;Eduardo;Entrada;-;-;2000;-;;;5983;;;;;;
5/26/2025 9:33:02;26/05/2025;Fernando;Saída;FHI8909;407872;86;506950;506950;;5897;;;;;;
4/22/2025 8:35:31;22/04/2025;Junior;Saída;EBO0I79;669137;255;478620;507205;;5642;;;;;;
5/26/2025 15:20:14;26/05/2025;Fernando;Saída;SYJ0E53;109560;29;507320;478649;;5613;;;;;;
5/26/2025 16:44:57;26/05/2025;Eduardo;Saída;BPQ3I53;250291;38;507358;507358;;5575;;;;;;
5/26/2025 17:12:10;26/05/2025;Fernando;Saída;OQG0G68;1087614;399;507757;507757;;5176;;;;;;
5/26/2025 17:18:38;26/05/2025;Fernando;Saída;QPA8450;67458;103;507860;507860;;5073;;;;;;
5/27/2025 7:30:56;27/05/2025;Fernando;Saída;QMQ5351;79866;241;508101;508101;;4832;;;;;;
5/27/2025 7:40:45;27/05/2025;Fernando;Saída;FZG5A23;274029;192;508293;508293;;4640;;;;;;
5/27/2025 9:21:45;27/05/2025;Fernando;Saída;RUJ4I21;196563;82;508375;508375;;4558;;;;;;
5/27/2025 14:45:28;27/05/2025;Fernando;Saída;BPQ3I53;250655;22;508398;508397;;4536;;;;;;
5/27/2025 14:57:42;27/05/2025;Fernando;Saída;PVD2450;745817;93;508491;508491;;4443;;;;;;
5/27/2025 15:23:49;27/05/2025;Fernando;Saída;HOB1G50;766954;85;508576;508576;;4358;;;;;;
5/27/2025 17:17:08;27/05/2025;Fernando;Saída;SYN6C07;93009;100;508676;508676;;4258;;;;;;
5/28/2025 7:48:36;28/05/2025;Marcos;Saída;ASW9J91;919904;247;508923;508923;;4011;;;;;;
5/28/2025 8:39:07;28/05/2025;Fernando;Saída;FHI8909;408202;84;509007;509007;;3927;;;;;;
5/28/2025 15:14:34;28/05/2025;Eduardo;Saída;FZG4F66;516699;35;509414;509042;;3659;;;;;;
5/28/2025 14:30:58;28/05/2025;Marcos;Saída;NYF1166;837298;220;509634;509634;;3439;;;;;;
5/29/2025 9:07:04;29/05/2025;Eduardo;Saída;SIX6A60;108596;357;509991;509991;;3082;;;;;;
5/29/2025 10:11:48;29/05/2025;Eduardo;Saída;TDP7I31;31686;429;510420;510420;;2653;;;;;;
5/29/2025 10:15:39;29/05/2025;Eduardo;Saída;BPQ3I53;251173;26;510446;510446;;2627;;;;;;
5/29/2025 10:51:22;29/05/2025;Fernando;Saída;PVD2450;746167;73;510520;510519;;2554;;;;;;
5/29/2025 15:23:59;29/05/2025;Marcos;Saída;OQG0G68;1088366;288;510808;510808;;2266;;;;;;
5/29/2025 17:20:42;29/05/2025;Marcos;Saída;QMQ5351;478543;130;510937;510938;;2136;;;;;;
5/30/2025 7:29:35;30/05/2025;Eduardo;Entrada;-;-;3000;-;;;5136;;;;;;
5/30/2025 7:59:15;30/05/2025;Marcos;Saída;FHI8909;408583;100;511037;511037;;5036;;;;;;
5/30/2025 8:03:42;30/05/2025;Marcos;Saída;NYF1166;837418;51;511088;511088;;4985;;;;;;
5/30/2025 8:07:09;30/05/2025;Lauren;Saída;-;Correção;735;Correção;511088;;4250;;;;;;
5/30/2025 10:17:29;30/05/2025;Fernando;Saída;FZG4F66;517260;29;511118;511117;;4221;;;;;;
5/30/2025 12:00:09;30/05/2025;Eduardo;Saída;TCG1D95;86855;604;511722;511722;;3617;;;;;;
5/30/2025 12:00:56;30/05/2025;Eduardo;Saída;SYJ0E53;110607;160;511882;511882;;3457;;;;;;
5/30/2025 14:50:21;30/05/2025;Marcos;Saída;SYR8F16;109363;386;512268;512268;;3071;;;;;;
5/30/2025 15:34:55;30/05/2025;Fernando;Saída;GWI4D64;156444;176;512445;512444;;2895;;;;;;
5/30/2025 16:53:49;30/05/2025;Fernando;Saída;TCT6G13;51526;579;513024;513024;;2316;;;;;;
5/30/2025 17:14:45;30/05/2025;Marcos;Saída;PZE8684;494115;45;513069;513069;;2271;;;;;;
6/2/2025 11:22:56;02/06/2025;Eduardo;Entrada;-;-;3000;-;;;5271;;;;;;
6/2/2025 14:03:23;02/06/2025;Fernando;Saída;SYN6C07;904405;65;513134;513134;;5206;;;;;;
6/2/2025 14:16:18;02/06/2025;Fernando;Saída;NYF1166;838269;205;513339;513339;;5001;;;;;;
6/2/2025 14:48:07;02/06/2025;Fernando;Saída;FZG4F66;517851;32;513371;513371;;4969;;;;;;
6/2/2025 17:35:06;02/06/2025;Eduardo;Saída;SIJ7J52;75850;33;513404;513404;;4936;;;;;;
6/3/2025 7:54:14;03/06/2025;Marcos;Saída;TDQ1F80;29410;493;513897;513897;;4443;;;;;;
6/3/2025 8:12:37;03/06/2025;Marcos;Saída;AXS9G25;1052508;464;514361;514361;;3979;;;;;;
6/3/2025 9:07:58;03/06/2025;Fernando;Saída;FZG5A23;274932;251;514779;514612;;3728;;;;;;
6/3/2025 9:44:00;03/06/2025;Fernando;Saída;FHI8909;408833;75;514854;514854;;3653;;;;;;
6/3/2025 12:29:51;03/06/2025;Fernando;Saída;QPA8450;454519;167;515021;515021;;3486;;;;;;
6/3/2025 14:39:32;03/06/2025;Eduardo;Saída;PVD2450;747939;167;514528;515188;;3319;;;;;;
6/3/2025 15:05:21;03/06/2025;Eduardo;Saída;EBO0I79;676103;371;515392;514899;;2948;;;;;;
6/4/2025 8:29:58;04/06/2025;Eduardo;Saída;SIX6A60;109905;342;515734;515734;;2606;;;;;;
6/4/2025 11:49:12;04/06/2025;Fernando;Saída;SYJ0E53;111633;161;515895;515895;;2445;;;;;;
6/4/2025 12:33:39;04/06/2025;Eduardo;Saída;SYR8F16;111726;424;516319;516319;;2021;;;;;;
6/4/2025 17:06:51;04/06/2025;Fernando;Saída;QMQ5351;479340;198;516596;516517;;1823;;;;;;
6/5/2025 7:36:19;05/06/2025;Eduardo;Saída;SIJ7J52;76151;20;516616;516616;;1803;;;;;;
6/5/2025 8:56:34;05/06/2025;Fernando;Saída;FHI8909;409163;91;516707;516707;;1712;;;;;;
6/5/2025 10:54:44;05/06/2025;Fernando;Entrada;-;_;4000;516707;520707;;5712;;;;;;
6/6/2025 11:22:21;06/06/2025;Fernando;Saída;SYN6C07;95681;91;516798;516798;;5621;;;;;;
6/6/2025 15:14:05;06/06/2025;Fernando;Saída;HOB1G50;768910;114;516912;516912;;5507;;;;;;
6/9/2025 8:14:44;09/06/2025;Fernando;Saída;QPA8450;455453;200;517112;517112;;5307;;;;;;
6/9/2025 8:39:30;09/06/2025;Fernando;Saída;SYJ0E53;112581;160;517272;517272;;5147;;;;;;
6/9/2025 14:11:40;09/06/2025;Fernando;Saída;RUJ4I21;198172;82;517355;517354;;5065;;;;;;
6/9/2025 15:02:39;09/06/2025;Fernando;Saída;PZE8684;495319;107;517461;517462;;4958;;;;;;
6/9/2025 15:03:48;09/06/2025;Fernando;Saída;PZE8684;495317;107;517461;517568;;4851;;;;;;
6/9/2025 15:35:15;09/06/2025;Fernando;Saída;SYN6C07;96152;62;517524;517523;;4789;;;;;;
6/10/2025 8:06:17;10/06/2025;Fernando;Saída;FHI8909;409610;115;517639;517639;;4674;;;;;;
6/10/2025 8:48:38;10/06/2025;Fernando;Saída;FZG5A23;275826;238;517877;517877;;4436;;;;;;
6/10/2025 14:02:38;10/06/2025;Eduardo;Saída;NYF1166;838744;153;518030;518030;;4283;;;;;;
6/10/2025 14:04:25;10/06/2025;Eduardo;Saída;FZG4F66;520105;52;518082;518082;;4231;;;;;;
6/10/2025 15:12:51;10/06/2025;Fernando;Saída;TCG1D95;90540;670;518752;518752;;3561;;;;;;
6/11/2025 8:47:36;11/06/2025;Fernando;Saída;SYJ0E53;113536;156;518908;518908;;3405;;;;;;
6/11/2025 9:57:47;11/06/2025;Eduardo;Saída;RUJ4I21;198788;100;519008;519008;;3305;;;;;;
6/11/2025 11:27:10;11/06/2025;Eduardo;Saída;QPA8450;455806;80;519087;519088;;3225;;;;;;
6/11/2025 11:43:58;11/06/2025;Fernando;Saída;OQG0G68;1089910;297;519384;519384;;2928;;;;;;
6/11/2025 11:55:14;11/06/2025;Fernando;Saída;TDP7I31;25473;388;519772;519772;;2540;;;;;;
6/11/2025 14:19:59;11/06/2025;Fernando;Saída;SYN6C07;96757;79;519852;519851;;2461;;;;;;
6/11/2025 15:02:03;11/06/2025;Eduardo;Saída;TCT6G13;52368;256;520108;520108;;2205;;;;;;
6/11/2025 15:04:24;11/06/2025;Eduardo;Saída;HOB1G50;769306;94;520202;520202;;2111;;;;;;
6/11/2025 17:44:56;11/06/2025;Fernando;Saída;PZE8684;495983;115;520317;520317;;1996;;;;;;
6/12/2025 8:54:01;12/06/2025;Fernando;Saída;FHI8909;409868;66;520383;520383;;1930;;;;;;
6/12/2025 11:38:39;12/06/2025;Eduardo;Saída;RUJ4I21;199199;59;520442;520442;;1871;;;;;;
6/12/2025 12:06:09;12/06/2025;Eduardo;Entrada;-;-;4000;520442;524442;;5871;;;;;;
6/12/2025 17:35:45;12/06/2025;Fernando;Saída;QMQ5351;479922,8;161;520604;520603;;5710;;;;;;
6/13/2025 8:25:25;13/06/2025;Fernando;Saída;SYN6C07;97448;98;520702;520702;;5612;;;;;;
6/13/2025 11:24:08;13/06/2025;Fernando;Saída;TCG1D95;90994;183;520885;520885;;5429;;;;;;
6/13/2025 12:01:30;13/06/2025;Fernando;Saída;PZE8684;496549;100;520985;520985;;5329;;;;;;
6/13/2025 13:57:20;13/06/2025;Marcos;Saída;AXS9G25;1053896;126;521111;521111;;5203;;;;;;
6/13/2025 14:26:01;13/06/2025;Fernando;Saída;NYF1166;839454,3;206;521317;521317;;4997;;;;;;
6/13/2025 15:18:01;13/06/2025;Fernando;Saída;RUJ4I21;199623;61;521377;521378;;4936;;;;;;
6/16/2025 8:30:22;16/06/2025;Eduardo;Saída;QPA8450;456242;100;521477;521417;;4836;;;;;;
6/16/2025 8:50:25;16/06/2025;Fernando;Saída;SYJ0E53;114372;138;521615;521515;;4698;;;;;;
6/16/2025 11:08:07;16/06/2025;Fernando;Saída;FZG4F66;521728;34;521649;521649;;4664;;;;;;
6/16/2025 16:05:45;16/06/2025;Fernando;Saída;SYR8F16;113060;345;521994;521994;;4319;;;;;;
6/16/2025 17:20:49;16/06/2025;Fernando;Saída;TDQ1F80;33717;375;522369;522369;;3944;;;;;;
6/17/2025 8:09:22;17/06/2025;Fernando;Saída;FHI8909;410330;121;522490;522490;;3823;;;;;;
6/17/2025 11:13:00;17/06/2025;Fernando;Saída;GWI4D64;157611;146;522636;522636;;3677;;;;;;
6/17/2025 17:47:24;17/06/2025;Fernando;Saída;RUJ4I21;200245;69;522705;522705;;3608;;;;;;
6/18/2025 9:26:56;18/06/2025;Eduardo;Saída;FZG4F66;522594;29;522734;522734;;3579;;;;;;
6/18/2025 14:18:25;18/06/2025;Eduardo;Saída;SIX6A60;111707;525;523230;523259;;3054;;;;;;
6/18/2025 15:22:56;18/06/2025;Fernando;Saída;QMQ5351;480706,4;204;523434;523434;;2850;;;;;;
6/18/2025 16:18:43;18/06/2025;Fernando;Saída;FZG5A23;276592;200;523633;523634;;2650;;;;;;
6/18/2025 16:48:10;18/06/2025;Fernando;Saída;FMZ8I54;366524;87;523720;523720;;2563;;;;;;
6/19/2025 10:47:44;19/06/2025;Marcos;Saída;TCT6G13;53540;472;524192;524192;;2091;;;;;;
6/20/2025 7:39:12;20/06/2025;Fernando;Saída;ASW9J91;922102;414;524607;524606;;1677;;;;;;
6/20/2025 8:57:41;20/06/2025;Fernando;Saída;FZG4F66;523473;33;524639;524640;;1644;;;;;;
6/20/2025 11:50:35;20/06/2025;Eduardo;Entrada;-;-;3000;156;;;4644;;;;;;
6/20/2025 11:55:18;20/06/2025;Fernando;Saída;SYN6C07;98094;96;201;252;;4548;;;;;;
6/20/2025 16:34:43;20/06/2025;Marcos;Saída;RUJ4I21;201204;55;361;256;;4493;;;;;;
6/23/2025 7:56:20;23/06/2025;Fernando;Saída;FHI8909;410724;113;475;474;;4380;;;;;;
6/23/2025 8:38:17;23/06/2025;Fernando;Saída;SYJ0E53;115249,6;139;613;614;;4241;;;;;;
6/23/2025 9:27:11;23/06/2025;Fernando;Saída;TDP7I31;27312,3;328;942;941;;3913;;;;;;
6/23/2025 14:29:26;23/06/2025;Fernando;Saída;SIJ7J52;77837;38;979;980;;3875;;;;;;
6/23/2025 16:58:53;23/06/2025;Fernando;Saída;OQG0G68;1091052,1;371;1501;1350;;3504;;;;;;
6/24/2025 8:34:10;23/06/2025;Eduardo;Saída;SYN6C07;98616;73;1053;1574;;3431;;;;;;
6/24/2025 8:35:10;23/06/2025;Eduardo;Saída;BPQ3I53;256598;43;1096;1096;;3388;;;;;;
6/24/2025 8:36:57;23/06/2025;Eduardo;Saída;RUJ4I21;201511;34;1130;1130;;3354;;;;;;
6/24/2025 8:51:52;24/06/2025;Fernando;Saída;SYR8F16;114372;325;1826;1455;;3029;;;;;;
6/24/2025 9:05:12;24/06/2025;Fernando;Saída;QPA8450;457555,9;197;2024;2023;;2832;;;;;;
6/24/2025 10:15:05;24/06/2025;Fernando;Saída;NYF1166;842939,1;201;2225;2225;;2631;;;;;;
6/24/2025 14:14:28;24/06/2025;Fernando;Saída;HOB1G50;770592;183;2773;2408;;2448;;;;;;
6/24/2025 14:25:15;24/06/2025;Fernando;Saída;GWI4D64;158110;171;2944;2944;;2277;;;;;;
6/24/2025 16:42:39;24/06/2025;Fernando;Saída;SIJ7J52;78457;40;2984;2984;;2237;;;;;;
24/06/2025 11:04:20;24/06/2025;Eduardo;Saída;TCZ5G61;36443;365;2590;3349;;1872;;;;;;
6/25/2025 7:45:56;25/06/2025;Fernando;Saída;FZG4F66;524779;35;3020;2625;;1837;;;;;;
6/25/2025 15:40:19;25/06/2025;Fernando;Saída;SYJ0E53;116238;140;3160;3160;;1697;;;;;;
6/25/2025 15:42:41;25/06/2025;Fernando;Entrada;-;-;2000;3019;5160;;3697;;;;;;
6/25/2025 16:43:57;25/06/2025;Fernando;Saída;SIX6A60;113100,2;360;3520;3379;;3337;;;;;;
6/25/2025 16:51:37;25/06/2025;Fernando;Saída;RUJ4I21;202083;83;3603;3603;;3254;;;;;;
6/26/2025 9:42:06;26/06/2025;Fernando;Saída;TCG1D95;95117;488;4091;4091;;2766;;;;;;
6/26/2025 17:25:35;26/06/2025;Fernando;Saída;QMQ5351;481390;185;4276;4276;;2581;;;;;;
6/26/2025 17:42:38;26/06/2025;Fernando;Saída;SYN6C07;100054;98;4374;4374;;2483;;;;;;
6/26/2025 17:48:24;26/06/2025;Fernando;Saída;RUJ4I21;202726;77;4450;4451;;2406;;;;;;
6/27/2025 9:12:47;27/06/2025;Fernando;Saída;FHI8909;411200;130;4581;4580;;2276;;;;;;
6/27/2025 10:46:36;27/06/2025;Marcos;Saída;AXS9G25;1055468;520;5100;5101;;1756;;;;;;
6/27/2025 11:27:52;27/06/2025;Fernando;Saída;TCZ5G61;36926;138;5239;5238;;1618;;;;;;
6/27/2025 13:30:05;27/06/2025;Eduardo;Saída;QPA8450;458081;126;5364;5365;;1492;;;;;;
6/27/2025 14:47:21;27/06/2025;Marcos;Saída;FZG4F66;525778;29;5394;5393;;1463;;;;;;
6/30/2025 8:00:09;30/06/2025;Fernando;Saída;EBO0I79;683978;339;5733;5733;;1124;;;;;;
6/30/2025 8:19:49;30/06/2025;Fernando;Saída;SYN6C07;100663;81;5814;5814;;1043;;;;;;
6/30/2025 8:26:53;30/06/2025;Fernando;Saída;FHI8909;411755;137;5951;5951;;906;;;;;;
6/30/2025 15:17:20;30/06/2025;Fernando;Saída;SIJ7J52;78946;48;5998;5999;;858;;;;;;
6/30/2025 16:52:22;30/06/2025;Fernando;Saída;SYJ0E53;117253;160;6158;6158;;698;;;;;;
7/1/2025 7:59:53;01/07/2025;Fernando;Saída;NYF1166;843750;251;6409;6409;;447;;;;;;
7/1/2025 10:02:32;01/07/2025;Fernando;Saída;FZG4F66;526551;33;6442;6442;;414;;;;;;
7/1/2025 10:29:34;01/07/2025;Fernando;Saída;QPA8450;458848;160;6602;6602;;254;;;;;;
7/1/2025 16:08:46;01/07/2025;Fernando;Entrada;-;0;3000;6602;9602;;3254;;;;;;
7/1/2025 17:01:22;01/07/2025;Fernando;Saída;SYN6C07;101290;91;6694;6693;;3163;;;;;;
7/1/2025 17:46:15;01/07/2025;Fernando;Saída;FZG5A23;277513;220;6914;6914;;2943;;;;;;
7/2/2025 7:20:50;02/07/2025;Fernando;Saída;FZG4F66;526987;32;6946;6946;;2911;;;;;;
7/2/2025 8:14:13;02/07/2025;Marcos;Saída;EBO0I79;684917;378;7324;7324;;2533;;;;;;
7/2/2025 9:27:39;02/07/2025;Lauren;Entrada;-;Correção;3267; - ;7324;;5800;;;;;;
7/3/2025 8:09:20;03/07/2025;Fernando;Saída;TCZ5G61;36327;287;7611;10591;;5513;;;;;;
7/3/2025 9:12:23;03/07/2025;Fernando;Saída;FZG4F66;527423;32;7643;#VALOR!;;5481;;;;;;
7/3/2025 9:27:04;03/07/2025;Fernando;Saída;SYJ0E53;118220;154;7797;7643;;5327;;;;;;
7/3/2025 10:03:52;03/07/2025;Fernando;Saída;FHI8909;412041;80;7877;7797;;5247;;;;;;
7/3/2025 15:00:33;03/07/2025;Marcos;Saída;PZE8684;499283;100;7976;7877;;5147;;;;;;
;;;;;;;;;;;;;;;;
;;;;;;;;;;;;;;;;
;;;;;;;;;;;;;;;;
;;;;;;;;;;;;;;;;
;;;;;;;;;;;;;;;;
;;;;;;;;;;;;;;;;
;;;;;;;;;;;;;;;;
;;;;;;;;;;;;;;;;
;;;;;;;;;;;;;;;;
;;;;;;;;;;;;;;;;
;;;;;;;;;;;;;;;;
;;;;;;;;;;;;;;;;
;;;;;;;;;;;;;;;;
;;;;;;;;;;;;;;;;
;;;;;;;;;;;;;;;;
;;;;;;;;;;;;;;;;
;;;;;;;;;;;;;;;;
;;;;;;;;;;;;;;;;
;;;;;;;;;;;;;;;;
;;;;;;;;;;;;;;;;
;;;;;;;;;;;;;;;;
;;;;;;;;;;;;;;;;
;;;;;;;;;;;;;;;;
;;;;;;;;;;;;;;;;
;;;;;;;;;;;;;;;;
;;;;;;;;;;;;;;;;
;;;;;;;;;;;;;;;;
;;;;;;;;;;;;;;;;
;;;;;;;;;;;;;;;;
;;;;;;;;;;;;;;;;
;;;;;;;;;;;;;;;;
;;;;;;;;;;;;;;;;
;;;;;;;;;;;;;;;;
;;;;;;;;;;;;;;;;
;;;;;;;;;;;;;;;;
;;;;;;;;;;;;;;;;
;;;;;;;;;;;;;;;;
;;;;;;;;;;;;;;;;
;;;;;;;;;;;;;;;;
;;;;;;;;;;;;;;;;
;;;;;;;;;;;;;;;;
;;;;;;;;;;;;;;;;
;;;;;;;;;;;;;;;;
;;;;;;;;;;;;;;;;
;;;;;;;;;;;;;;;;
;;;;;;;;;;;;;;;;
;;;;;;;;;;;;;;;;
;;;;;;;;;;;;;;;;
;;;;;;;;;;;;;;;;
;;;;;;;;;;;;;;;;
;;;;;;;;;;;;;;;;
;;;;;;;;;;;;;;;;
;;;;;;;;;;;;;;;;
;;;;;;;;;;;;;;;;
;;;;;;;;;;;;;;;;
;;;;;;;;;;;;;;;;
;;;;;;;;;;;;;;;;
;;;;;;;;;;;;;;;;
;;;;;;;;;;;;;;;;
;;;;;;;;;;;;;;;;
;;;;;;;;;;;;;;;;
;;;;;;;;;;;;;;;;
;;;;;;;;;;;;;;;;
;;;;;;;;;;;;;;;;
;;;;;;;;;;;;;;;;
;;;;;;;;;;;;;;;;
;;;;;;;;;;;;;;;;
;;;;;;;;;;;;;;;;
;;;;;;;;;;;;;;;;
;;;;;;;;;;;;;;;;
;;;;;;;;;;;;;;;;
;;;;;;;;;;;;;;;;
;;;;;;;;;;;;;;;;
;;;;;;;;;;;;;;;;
;;;;;;;;;;;;;;;;
;;;;;;;;;;;;;;;;
;;;;;;;;;;;;;;;;
;;;;;;;;;;;;;;;;
;;;;;;;;;;;;;;;;
;;;;;;;;;;;;;;;;
;;;;;;;;;;;;;;;;
;;;;;;;;;;;;;;;;
;;;;;;;;;;;;;;;;
;;;;;;;;;;;;;;;;
;;;;;;;;;;;;;;;;
;;;;;;;;;;;;;;;;
;;;;;;;;;;;;;;;;
;;;;;;;;;;;;;;;;
;;;;;;;;;;;;;;;;
;;;;;;;;;;;;;;;;
;;;;;;;;;;;;;;;;
;;;;;;;;;;;;;;;;
;;;;;;;;;;;;;;;;
;;;;;;;;;;;;;;;;
;;;;;;;;;;;;;;;;
